,time,triggername,triggers,node
1,2019-06-03 15:36:26,主机node_81 JBOSS 8080端口的连接数大于400,JBOSS8080端口的连接数大于400,81
2,2019-06-03 15:36:27,主机node_43 sdd IO使用率持续30分钟大于90%,磁盘I/O异常,43
3,2019-06-03 15:36:27,主机node_16 **application 停止运行,**application停止运行,16
4,2019-06-03 15:36:28,主机node_50 网卡eth0 接收流量持续10分钟平均值大于300M,网卡接收流量过高,50
5,2019-06-03 15:36:30,主机node_71 堆内存平均使用率：94.61%（大于阈值：90%）,堆内存平均使用率大于阈值,71
6,2019-06-03 15:36:31,主机node_99 上I/O等待负载持续15分钟超过10%,I/O等待负载持续15分钟超过10%,99
7,2019-06-03 15:36:32,主机node_20 堆内存平均使用率：94.61%（大于阈值：90%）,堆内存平均使用率大于阈值,20
8,2019-06-03 15:36:33,主机node_69 网卡eth0 发送流量持续10分钟平均值大于800M,网卡发送流量过高,69
9,2019-06-03 15:36:33,主机node_29 **** 请求延时大于5分钟,****请求延时大于5分钟,29
10,2019-06-03 15:36:33,主机node_55 日志产生ERROR信息,日志产生ERROR信息,55
11,2019-06-03 15:36:34,主机node_67 FullGC次数：23次（大于阈值：10次）,FullGC次数异常,67
12,2019-06-03 15:36:35,主机node_94 上I/O等待负载大于50%,I/O等待负载大于50%,94
13,2019-06-03 15:36:35,主机node_39 网卡eth0 发送流量持续10分钟平均值大于800M,网卡发送流量过高,39
14,2019-06-03 15:36:37,主机node_8 网卡流量unknown,网卡流量unknown,8
15,2019-06-03 15:36:38,主机node_88 上I/O等待负载持续15分钟超过10%,I/O等待负载持续15分钟超过10%,88
16,2019-06-03 15:36:39,主机node_82 网卡eth0 发送流量持续30分钟平均值大于700M,网卡发送流量过高,82
17,2019-06-03 15:36:39,主机node_33 网卡eth0 接收流量持续10分钟平均值大于180M,网卡接收流量过高,33
18,2019-06-03 15:36:39,主机node_22 网卡eth0 发送流量持续30分钟平均值大于700M,网卡发送流量过高,22
19,2019-06-03 15:36:43,主机node_55 日志产生ERROR信息,日志产生ERROR信息,55
20,2019-06-03 15:36:43,主机node_69 网卡eth0 发送流量持续10分钟平均值大于800M,网卡发送流量过高,69
21,2019-06-03 15:36:43,主机node_90 日志报错:无法获取连接,日志报错:无法获取连接,90
22,2019-06-03 15:36:43,主机node_29 **** 请求延时大于5分钟,****请求延时大于5分钟,29
23,2019-06-03 15:36:44,主机node_67 FullGC次数：23次（大于阈值：10次）,FullGC次数异常,67
24,2019-06-03 15:36:45,主机node_39 网卡eth0 发送流量持续10分钟平均值大于800M,网卡发送流量过高,39
25,2019-06-03 15:36:46,主机node_61 日志报错:无法获取连接,日志报错:无法获取连接,61
26,2019-06-03 15:36:47,主机node_17 上I/O等待负载持续15分钟超过10%,I/O等待负载持续15分钟超过10%,17
27,2019-06-03 15:36:47,主机node_95 网卡eth0 接收流量持续10分钟平均值大于300M,网卡接收流量过高,95
28,2019-06-03 15:36:47,主机node_8 网卡流量unknown,网卡流量unknown,8
29,2019-06-03 15:36:48,主机node_1 空闲交换空间小于50%,空闲交换空间小于50%,1
30,2019-06-03 15:36:48,"主机node_76 空闲CPU为1.52%,持续15分钟小于10%",CPU利用率过高,76
31,2019-06-03 15:36:48,主机node_88 上I/O等待负载持续15分钟超过10%,I/O等待负载持续15分钟超过10%,88
32,2019-06-03 15:36:49,主机node_12 硬盘Slot 00状态为Failed,硬盘Slot00状态为Failed,12
33,2019-06-03 15:36:49,主机node_82 网卡eth0 发送流量持续30分钟平均值大于700M,网卡发送流量过高,82
34,2019-06-03 15:36:50,主机node_71 堆内存平均使用率：94.61%（大于阈值：90%）,堆内存平均使用率大于阈值,71
35,2019-06-03 15:36:52,主机node_7 ping延迟时间持续3分钟大于100ms,ping延迟时间持续3分钟大于100ms,7
36,2019-06-03 15:36:52,主机node_9 网卡eth0 发送流量持续30分钟平均值大于700M,网卡发送流量过高,9
37,2019-06-03 15:36:53,主机node_55 日志产生ERROR信息,日志产生ERROR信息,55
38,2019-06-03 15:36:54,主机node_67 FullGC次数：23次（大于阈值：10次）,FullGC次数异常,67
39,2019-06-03 15:36:55,主机node_94 上I/O等待负载大于50%,I/O等待负载大于50%,94
40,2019-06-03 15:36:55,主机node_39 网卡eth0 发送流量持续10分钟平均值大于800M,网卡发送流量过高,39
41,2019-06-03 15:36:57,主机node_8 网卡流量unknown,网卡流量unknown,8
42,2019-06-03 15:36:58,主机node_65 上CPU Steal Time持续5分钟超过10%,CPUStealTime持续5分钟超过10%,65
43,2019-06-03 15:36:59,主机node_12 硬盘Slot 00状态为Failed,硬盘Slot00状态为Failed,12
44,2019-06-03 15:37:00,主机node_71 堆内存平均使用率：94.61%（大于阈值：90%）,堆内存平均使用率大于阈值,71
45,2019-06-03 15:37:00,主机node_70 **** 请求延时大于5分钟,****请求延时大于5分钟,70
46,2019-06-03 15:37:03,主机node_29 **** 请求延时大于5分钟,****请求延时大于5分钟,29
47,2019-06-03 15:37:04,主机node_67 FullGC次数：23次（大于阈值：10次）,FullGC次数异常,67
48,2019-06-03 15:37:04,主机node_79 端口6060通信异常,端口6060通信异常,79
49,2019-06-03 15:37:05,主机node_39 网卡eth0 发送流量持续10分钟平均值大于800M,网卡发送流量过高,39
50,2019-06-03 15:37:05,主机node_13 sdd IO使用率持续30分钟大于90%,磁盘I/O异常,13
51,2019-06-03 15:37:09,主机node_22 网卡eth0 发送流量持续30分钟平均值大于700M,网卡发送流量过高,22
52,2019-06-03 15:37:09,主机node_12 硬盘Slot 00状态为Failed,硬盘Slot00状态为Failed,12
53,2019-06-03 15:37:09,主机node_82 网卡eth0 发送流量持续30分钟平均值大于700M,网卡发送流量过高,82
54,2019-06-03 15:37:10,主机node_70 **** 请求延时大于5分钟,****请求延时大于5分钟,70
55,2019-06-03 15:37:10,主机node_77 网卡eth0 发送流量持续30分钟平均值大于700M,网卡发送流量过高,77
56,2019-06-03 15:37:12,主机node_20 堆内存平均使用率：94.61%（大于阈值：90%）,堆内存平均使用率大于阈值,20
57,2019-06-03 15:37:13,主机node_55 日志产生ERROR信息,日志产生ERROR信息,55
58,2019-06-03 15:37:13,主机node_29 **** 请求延时大于5分钟,****请求延时大于5分钟,29
59,2019-06-03 15:37:14,主机node_67 FullGC次数：23次（大于阈值：10次）,FullGC次数异常,67
60,2019-06-03 15:37:15,主机node_94 上I/O等待负载大于50%,I/O等待负载大于50%,94
61,2019-06-03 15:37:15,主机node_39 网卡eth0 发送流量持续10分钟平均值大于800M,网卡发送流量过高,39
62,2019-06-03 15:37:18,主机node_88 上I/O等待负载持续15分钟超过10%,I/O等待负载持续15分钟超过10%,88
63,2019-06-03 15:37:19,主机node_3 Nginx 80端口的连接数大于2000,Nginx80端口的连接数大于2000,3
64,2019-06-03 15:37:20,主机node_71 堆内存平均使用率：94.61%（大于阈值：90%）,堆内存平均使用率大于阈值,71
65,2019-06-03 15:37:21,主机node_99 上I/O等待负载持续15分钟超过10%,I/O等待负载持续15分钟超过10%,99
66,2019-06-03 15:37:22,主机node_7 ping延迟时间持续3分钟大于100ms,ping延迟时间持续3分钟大于100ms,7
67,2019-06-03 15:37:23,主机node_55 日志产生ERROR信息,日志产生ERROR信息,55
68,2019-06-03 15:37:23,主机node_29 **** 请求延时大于5分钟,****请求延时大于5分钟,29
69,2019-06-03 15:37:24,主机node_67 FullGC次数：23次（大于阈值：10次）,FullGC次数异常,67
70,2019-06-03 15:37:24,主机node_14 ping延迟时间持续3分钟大于100ms,ping延迟时间持续3分钟大于100ms,14
71,2019-06-03 15:37:25,主机node_39 网卡eth0 发送流量持续10分钟平均值大于800M,网卡发送流量过高,39
72,2019-06-03 15:37:25,主机node_94 上I/O等待负载大于50%,I/O等待负载大于50%,94
73,2019-06-03 15:37:25,主机node_72 日志中有No route to host信息,日志中有Noroutetohost信息,72
74,2019-06-03 15:37:28,主机node_1 空闲交换空间小于50%,空闲交换空间小于50%,1
75,2019-06-03 15:37:29,主机node_22 网卡eth0 发送流量持续30分钟平均值大于700M,网卡发送流量过高,22
76,2019-06-03 15:37:30,主机node_71 堆内存平均使用率：94.61%（大于阈值：90%）,堆内存平均使用率大于阈值,71
77,2019-06-03 15:37:30,主机node_45 网卡流量unknown,网卡流量unknown,45
78,2019-06-03 15:37:30,主机node_70 **** 请求延时大于5分钟,****请求延时大于5分钟,70
79,2019-06-03 15:37:30,主机node_77 网卡eth0 发送流量持续30分钟平均值大于700M,网卡发送流量过高,77
80,2019-06-03 15:37:31,主机node_44 Nginx 80端口的连接数大于2000,Nginx80端口的连接数大于2000,44
81,2019-06-03 15:37:32,主机node_10 网卡eth0 发送流量持续30分钟平均值大于700M,网卡发送流量过高,10
82,2019-06-03 15:37:33,主机node_69 网卡eth0 发送流量持续10分钟平均值大于800M,网卡发送流量过高,69
83,2019-06-03 15:37:33,主机node_29 **** 请求延时大于5分钟,****请求延时大于5分钟,29
84,2019-06-03 15:37:35,主机node_72 日志中有No route to host信息,日志中有Noroutetohost信息,72
85,2019-06-03 15:37:35,主机node_39 网卡eth0 发送流量持续10分钟平均值大于800M,网卡发送流量过高,39
86,2019-06-03 15:37:37,主机node_95 网卡eth0 接收流量持续10分钟平均值大于300M,网卡接收流量过高,95
87,2019-06-03 15:37:37,主机node_17 上I/O等待负载持续15分钟超过10%,I/O等待负载持续15分钟超过10%,17
88,2019-06-03 15:37:39,主机node_82 网卡eth0 发送流量持续30分钟平均值大于700M,网卡发送流量过高,82
89,2019-06-03 15:37:39,主机node_3 Nginx 80端口的连接数大于2000,Nginx80端口的连接数大于2000,3
90,2019-06-03 15:37:40,主机node_70 **** 请求延时大于5分钟,****请求延时大于5分钟,70
91,2019-06-03 15:37:42,主机node_9 网卡eth0 发送流量持续30分钟平均值大于700M,网卡发送流量过高,9
92,2019-06-03 15:37:43,主机node_23 日志产生ERROR信息,日志产生ERROR信息,23
93,2019-06-03 15:37:43,主机node_69 网卡eth0 发送流量持续10分钟平均值大于800M,网卡发送流量过高,69
94,2019-06-03 15:37:46,主机node_81 JBOSS 8080端口的连接数大于400,JBOSS8080端口的连接数大于400,81
95,2019-06-03 15:37:47,主机node_95 网卡eth0 接收流量持续10分钟平均值大于300M,网卡接收流量过高,95
96,2019-06-03 15:37:48,主机node_65 上CPU Steal Time持续5分钟超过10%,CPUStealTime持续5分钟超过10%,65
97,2019-06-03 15:37:49,主机node_22 网卡eth0 发送流量持续30分钟平均值大于700M,网卡发送流量过高,22
98,2019-06-03 15:37:49,主机node_82 网卡eth0 发送流量持续30分钟平均值大于700M,网卡发送流量过高,82
99,2019-06-03 15:37:49,主机node_33 网卡eth0 接收流量持续10分钟平均值大于180M,网卡接收流量过高,33
100,2019-06-03 15:37:52,主机node_9 网卡eth0 发送流量持续30分钟平均值大于700M,网卡发送流量过高,9
101,2019-06-03 15:37:54,主机node_67 FullGC次数：23次（大于阈值：10次）,FullGC次数异常,67
102,2019-06-03 15:37:54,主机node_79 端口6060通信异常,端口6060通信异常,79
103,2019-06-03 15:37:57,主机node_95 网卡eth0 接收流量持续10分钟平均值大于300M,网卡接收流量过高,95
104,2019-06-03 15:37:59,主机node_82 网卡eth0 发送流量持续30分钟平均值大于700M,网卡发送流量过高,82
105,2019-06-03 15:38:00,主机node_77 网卡eth0 发送流量持续30分钟平均值大于700M,网卡发送流量过高,77
106,2019-06-03 15:38:02,主机node_9 网卡eth0 发送流量持续30分钟平均值大于700M,网卡发送流量过高,9
107,2019-06-03 15:38:02,主机node_10 网卡eth0 发送流量持续30分钟平均值大于700M,网卡发送流量过高,10
108,2019-06-03 15:38:03,主机node_69 网卡eth0 发送流量持续10分钟平均值大于800M,网卡发送流量过高,69
109,2019-06-03 15:38:03,主机node_23 日志产生ERROR信息,日志产生ERROR信息,23
110,2019-06-03 15:38:03,主机node_29 **** 请求延时大于5分钟,****请求延时大于5分钟,29
111,2019-06-03 15:38:05,主机node_94 上I/O等待负载大于50%,I/O等待负载大于50%,94
112,2019-06-03 15:38:05,主机node_39 网卡eth0 发送流量持续10分钟平均值大于800M,网卡发送流量过高,39
113,2019-06-03 15:38:09,主机node_82 网卡eth0 发送流量持续30分钟平均值大于700M,网卡发送流量过高,82
114,2019-06-03 15:38:10,主机node_35 网卡eth0 发送流量持续30分钟平均值大于700M,网卡发送流量过高,35
115,2019-06-03 15:38:10,主机node_71 堆内存平均使用率：94.61%（大于阈值：90%）,堆内存平均使用率大于阈值,71
116,2019-06-03 15:38:13,主机node_69 网卡eth0 发送流量持续10分钟平均值大于800M,网卡发送流量过高,69
117,2019-06-03 15:38:14,主机node_67 FullGC次数：23次（大于阈值：10次）,FullGC次数异常,67
118,2019-06-03 15:38:14,主机node_79 端口6060通信异常,端口6060通信异常,79
119,2019-06-03 15:38:15,主机node_39 网卡eth0 发送流量持续10分钟平均值大于800M,网卡发送流量过高,39
120,2019-06-03 15:38:17,主机node_95 网卡eth0 接收流量持续10分钟平均值大于300M,网卡接收流量过高,95
121,2019-06-03 15:38:22,主机node_9 网卡eth0 发送流量持续30分钟平均值大于700M,网卡发送流量过高,9
122,2019-06-03 15:38:22,主机node_20 堆内存平均使用率：94.61%（大于阈值：90%）,堆内存平均使用率大于阈值,20
123,2019-06-03 15:38:23,主机node_69 网卡eth0 发送流量持续10分钟平均值大于800M,网卡发送流量过高,69
124,2019-06-03 15:38:24,主机node_14 ping延迟时间持续3分钟大于100ms,ping延迟时间持续3分钟大于100ms,14
125,2019-06-03 15:38:25,主机node_94 上I/O等待负载大于50%,I/O等待负载大于50%,94
126,2019-06-03 15:38:25,主机node_47 日志报错:无法获取连接,日志报错:无法获取连接,47
127,2019-06-03 15:38:27,主机node_95 网卡eth0 接收流量持续10分钟平均值大于300M,网卡接收流量过高,95
128,2019-06-03 15:38:27,主机node_17 上I/O等待负载持续15分钟超过10%,I/O等待负载持续15分钟超过10%,17
129,2019-06-03 15:38:28,主机node_21 网卡流量unknown,网卡流量unknown,21
130,2019-06-03 15:38:28,主机node_50 网卡eth0 接收流量持续10分钟平均值大于300M,网卡接收流量过高,50
131,2019-06-03 15:38:29,主机node_22 网卡eth0 发送流量持续30分钟平均值大于700M,网卡发送流量过高,22
132,2019-06-03 15:38:29,主机node_82 网卡eth0 发送流量持续30分钟平均值大于700M,网卡发送流量过高,82
133,2019-06-03 15:38:29,主机node_33 网卡eth0 接收流量持续10分钟平均值大于180M,网卡接收流量过高,33
134,2019-06-03 15:38:30,主机node_77 网卡eth0 发送流量持续30分钟平均值大于700M,网卡发送流量过高,77
135,2019-06-03 15:38:30,主机node_71 堆内存平均使用率：94.61%（大于阈值：90%）,堆内存平均使用率大于阈值,71
136,2019-06-03 15:38:30,主机node_70 **** 请求延时大于5分钟,****请求延时大于5分钟,70
137,2019-06-03 15:38:31,主机node_31 url:http://node_31:80//访问失败,url80//访问失败,31
138,2019-06-03 15:38:32,主机node_9 网卡eth0 发送流量持续30分钟平均值大于700M,网卡发送流量过高,9
139,2019-06-03 15:38:32,主机node_32 上I/O等待负载大于50%,I/O等待负载大于50%,32
140,2019-06-03 15:38:33,主机node_29 **** 请求延时大于5分钟,****请求延时大于5分钟,29
141,2019-06-03 15:38:34,主机node_24 ping丢包率当前值为25%，持续2分钟平均大于20%,ping丢包率当前值为25%，持续2分钟平均大于20%,24
142,2019-06-03 15:38:39,主机node_33 网卡eth0 接收流量持续10分钟平均值大于180M,网卡接收流量过高,33
143,2019-06-03 15:38:39,主机node_12 硬盘Slot 00状态为Failed,硬盘Slot00状态为Failed,12
144,2019-06-03 15:38:41,主机node_31 url:http://node_31:80//访问失败,url80//访问失败,31
145,2019-06-03 15:38:41,主机node_44 Nginx 80端口的连接数大于2000,Nginx80端口的连接数大于2000,44
146,2019-06-03 15:38:42,主机node_9 网卡eth0 发送流量持续30分钟平均值大于700M,网卡发送流量过高,9
147,2019-06-03 15:38:43,主机node_29 **** 请求延时大于5分钟,****请求延时大于5分钟,29
148,2019-06-03 15:38:45,主机node_39 网卡eth0 发送流量持续10分钟平均值大于800M,网卡发送流量过高,39
149,2019-06-03 15:38:45,主机node_94 上I/O等待负载大于50%,I/O等待负载大于50%,94
150,2019-06-03 15:38:47,主机node_16 **application 停止运行,**application停止运行,16
151,2019-06-03 15:38:47,主机node_43 sdd IO使用率持续30分钟大于90%,磁盘I/O异常,43
152,2019-06-03 15:38:48,主机node_49 sdd IO使用率持续30分钟大于90%,磁盘I/O异常,49
153,2019-06-03 15:38:49,主机node_3 Nginx 80端口的连接数大于2000,Nginx80端口的连接数大于2000,3
154,2019-06-03 15:38:50,主机node_45 网卡流量unknown,网卡流量unknown,45
155,2019-06-03 15:38:50,主机node_77 网卡eth0 发送流量持续30分钟平均值大于700M,网卡发送流量过高,77
156,2019-06-03 15:38:50,主机node_70 **** 请求延时大于5分钟,****请求延时大于5分钟,70
157,2019-06-03 15:38:53,主机node_69 网卡eth0 发送流量持续10分钟平均值大于800M,网卡发送流量过高,69
158,2019-06-03 15:38:53,主机node_23 日志产生ERROR信息,日志产生ERROR信息,23
159,2019-06-03 15:38:53,主机node_55 日志产生ERROR信息,日志产生ERROR信息,55
160,2019-06-03 15:38:59,主机node_82 网卡eth0 发送流量持续30分钟平均值大于700M,网卡发送流量过高,82
161,2019-06-03 15:38:59,主机node_12 硬盘Slot 00状态为Failed,硬盘Slot00状态为Failed,12
162,2019-06-03 15:38:59,主机node_22 网卡eth0 发送流量持续30分钟平均值大于700M,网卡发送流量过高,22
163,2019-06-03 15:39:00,主机node_45 网卡流量unknown,网卡流量unknown,45
164,2019-06-03 15:39:00,主机node_71 堆内存平均使用率：94.61%（大于阈值：90%）,堆内存平均使用率大于阈值,71
165,2019-06-03 15:39:00,主机node_35 网卡eth0 发送流量持续30分钟平均值大于700M,网卡发送流量过高,35
166,2019-06-03 15:39:03,主机node_55 日志产生ERROR信息,日志产生ERROR信息,55
167,2019-06-03 15:39:03,主机node_69 网卡eth0 发送流量持续10分钟平均值大于800M,网卡发送流量过高,69
168,2019-06-03 15:39:03,主机node_29 **** 请求延时大于5分钟,****请求延时大于5分钟,29
169,2019-06-03 15:39:04,主机node_79 端口6060通信异常,端口6060通信异常,79
170,2019-06-03 15:39:04,主机node_67 FullGC次数：23次（大于阈值：10次）,FullGC次数异常,67
171,2019-06-03 15:39:05,主机node_39 网卡eth0 发送流量持续10分钟平均值大于800M,网卡发送流量过高,39
172,2019-06-03 15:39:05,主机node_72 日志中有No route to host信息,日志中有Noroutetohost信息,72
173,2019-06-03 15:39:05,主机node_47 日志报错:无法获取连接,日志报错:无法获取连接,47
174,2019-06-03 15:39:06,主机node_61 日志报错:无法获取连接,日志报错:无法获取连接,61
175,2019-06-03 15:39:07,主机node_17 上I/O等待负载持续15分钟超过10%,I/O等待负载持续15分钟超过10%,17
176,2019-06-03 15:39:07,主机node_95 网卡eth0 接收流量持续10分钟平均值大于300M,网卡接收流量过高,95
177,2019-06-03 15:39:08,主机node_49 sdd IO使用率持续30分钟大于90%,磁盘I/O异常,49
178,2019-06-03 15:39:08,主机node_88 上I/O等待负载持续15分钟超过10%,I/O等待负载持续15分钟超过10%,88
179,2019-06-03 15:39:09,主机node_3 Nginx 80端口的连接数大于2000,Nginx80端口的连接数大于2000,3
180,2019-06-03 15:39:09,主机node_22 网卡eth0 发送流量持续30分钟平均值大于700M,网卡发送流量过高,22
181,2019-06-03 15:39:10,主机node_77 网卡eth0 发送流量持续30分钟平均值大于700M,网卡发送流量过高,77
182,2019-06-03 15:39:10,主机node_45 网卡流量unknown,网卡流量unknown,45
183,2019-06-03 15:39:11,主机node_44 Nginx 80端口的连接数大于2000,Nginx80端口的连接数大于2000,44
184,2019-06-03 15:39:12,主机node_9 网卡eth0 发送流量持续30分钟平均值大于700M,网卡发送流量过高,9
185,2019-06-03 15:39:13,主机node_55 日志产生ERROR信息,日志产生ERROR信息,55
186,2019-06-03 15:39:13,主机node_90 日志报错:无法获取连接,日志报错:无法获取连接,90
187,2019-06-03 15:39:13,主机node_69 网卡eth0 发送流量持续10分钟平均值大于800M,网卡发送流量过高,69
188,2019-06-03 15:39:13,主机node_29 **** 请求延时大于5分钟,****请求延时大于5分钟,29
189,2019-06-03 15:39:14,主机node_79 端口6060通信异常,端口6060通信异常,79
190,2019-06-03 15:39:15,主机node_94 上I/O等待负载大于50%,I/O等待负载大于50%,94
191,2019-06-03 15:39:15,主机node_72 日志中有No route to host信息,日志中有Noroutetohost信息,72
192,2019-06-03 15:39:17,主机node_43 sdd IO使用率持续30分钟大于90%,磁盘I/O异常,43
193,2019-06-03 15:39:18,"主机node_76 空闲CPU为1.52%,持续15分钟小于10%",CPU利用率过高,76
194,2019-06-03 15:39:20,主机node_77 网卡eth0 发送流量持续30分钟平均值大于700M,网卡发送流量过高,77
195,2019-06-03 15:39:20,主机node_70 **** 请求延时大于5分钟,****请求延时大于5分钟,70
196,2019-06-03 15:39:20,主机node_45 网卡流量unknown,网卡流量unknown,45
197,2019-06-03 15:39:21,主机node_99 上I/O等待负载持续15分钟超过10%,I/O等待负载持续15分钟超过10%,99
198,2019-06-03 15:39:22,主机node_9 网卡eth0 发送流量持续30分钟平均值大于700M,网卡发送流量过高,9
199,2019-06-03 15:39:23,主机node_69 网卡eth0 发送流量持续10分钟平均值大于800M,网卡发送流量过高,69
200,2019-06-03 15:39:23,主机node_55 日志产生ERROR信息,日志产生ERROR信息,55
201,2019-06-03 15:39:24,主机node_14 ping延迟时间持续3分钟大于100ms,ping延迟时间持续3分钟大于100ms,14
202,2019-06-03 15:39:24,主机node_67 FullGC次数：23次（大于阈值：10次）,FullGC次数异常,67
203,2019-06-03 15:39:25,主机node_94 上I/O等待负载大于50%,I/O等待负载大于50%,94
204,2019-06-03 15:39:25,主机node_39 网卡eth0 发送流量持续10分钟平均值大于800M,网卡发送流量过高,39
205,2019-06-03 15:39:27,主机node_43 sdd IO使用率持续30分钟大于90%,磁盘I/O异常,43
206,2019-06-03 15:39:27,主机node_95 网卡eth0 接收流量持续10分钟平均值大于300M,网卡接收流量过高,95
207,2019-06-03 15:39:27,主机node_8 网卡流量unknown,网卡流量unknown,8
208,2019-06-03 15:39:28,主机node_88 上I/O等待负载持续15分钟超过10%,I/O等待负载持续15分钟超过10%,88
209,2019-06-03 15:39:28,主机node_49 sdd IO使用率持续30分钟大于90%,磁盘I/O异常,49
210,2019-06-03 15:39:30,主机node_71 堆内存平均使用率：94.61%（大于阈值：90%）,堆内存平均使用率大于阈值,71
211,2019-06-03 15:39:30,主机node_77 网卡eth0 发送流量持续30分钟平均值大于700M,网卡发送流量过高,77
212,2019-06-03 15:39:33,主机node_69 网卡eth0 发送流量持续10分钟平均值大于800M,网卡发送流量过高,69
213,2019-06-03 15:39:33,主机node_29 **** 请求延时大于5分钟,****请求延时大于5分钟,29
214,2019-06-03 15:39:35,主机node_94 上I/O等待负载大于50%,I/O等待负载大于50%,94
215,2019-06-03 15:39:37,主机node_17 上I/O等待负载持续15分钟超过10%,I/O等待负载持续15分钟超过10%,17
216,2019-06-03 15:39:37,主机node_95 网卡eth0 接收流量持续10分钟平均值大于300M,网卡接收流量过高,95
217,2019-06-03 15:39:39,主机node_33 网卡eth0 接收流量持续10分钟平均值大于180M,网卡接收流量过高,33
218,2019-06-03 15:39:39,主机node_22 网卡eth0 发送流量持续30分钟平均值大于700M,网卡发送流量过高,22
219,2019-06-03 15:39:39,主机node_82 网卡eth0 发送流量持续30分钟平均值大于700M,网卡发送流量过高,82
220,2019-06-03 15:39:40,主机node_77 网卡eth0 发送流量持续30分钟平均值大于700M,网卡发送流量过高,77
221,2019-06-03 15:39:40,主机node_71 堆内存平均使用率：94.61%（大于阈值：90%）,堆内存平均使用率大于阈值,71
222,2019-06-03 15:39:42,主机node_9 网卡eth0 发送流量持续30分钟平均值大于700M,网卡发送流量过高,9
223,2019-06-03 15:39:43,主机node_29 **** 请求延时大于5分钟,****请求延时大于5分钟,29
224,2019-06-03 15:39:43,主机node_69 网卡eth0 发送流量持续10分钟平均值大于800M,网卡发送流量过高,69
225,2019-06-03 15:39:43,主机node_23 日志产生ERROR信息,日志产生ERROR信息,23
226,2019-06-03 15:39:45,主机node_94 上I/O等待负载大于50%,I/O等待负载大于50%,94
227,2019-06-03 15:39:46,主机node_81 JBOSS 8080端口的连接数大于400,JBOSS8080端口的连接数大于400,81
228,2019-06-03 15:39:47,主机node_95 网卡eth0 接收流量持续10分钟平均值大于300M,网卡接收流量过高,95
229,2019-06-03 15:39:49,主机node_33 网卡eth0 接收流量持续10分钟平均值大于180M,网卡接收流量过高,33
230,2019-06-03 15:39:49,主机node_22 网卡eth0 发送流量持续30分钟平均值大于700M,网卡发送流量过高,22
231,2019-06-03 15:39:49,主机node_82 网卡eth0 发送流量持续30分钟平均值大于700M,网卡发送流量过高,82
232,2019-06-03 15:39:50,主机node_45 网卡流量unknown,网卡流量unknown,45
233,2019-06-03 15:39:50,主机node_77 网卡eth0 发送流量持续30分钟平均值大于700M,网卡发送流量过高,77
234,2019-06-03 15:39:52,主机node_9 网卡eth0 发送流量持续30分钟平均值大于700M,网卡发送流量过高,9
235,2019-06-03 15:39:52,主机node_20 堆内存平均使用率：94.61%（大于阈值：90%）,堆内存平均使用率大于阈值,20
236,2019-06-03 15:39:52,主机node_7 ping延迟时间持续3分钟大于100ms,ping延迟时间持续3分钟大于100ms,7
237,2019-06-03 15:39:53,主机node_90 日志报错:无法获取连接,日志报错:无法获取连接,90
238,2019-06-03 15:39:53,主机node_69 网卡eth0 发送流量持续10分钟平均值大于800M,网卡发送流量过高,69
239,2019-06-03 15:39:54,主机node_14 ping延迟时间持续3分钟大于100ms,ping延迟时间持续3分钟大于100ms,14
240,2019-06-03 15:39:54,主机node_67 FullGC次数：23次（大于阈值：10次）,FullGC次数异常,67
241,2019-06-03 15:39:55,主机node_13 sdd IO使用率持续30分钟大于90%,磁盘I/O异常,13
242,2019-06-03 15:39:55,主机node_39 网卡eth0 发送流量持续10分钟平均值大于800M,网卡发送流量过高,39
243,2019-06-03 15:39:58,主机node_21 网卡流量unknown,网卡流量unknown,21
244,2019-06-03 15:39:59,主机node_82 网卡eth0 发送流量持续30分钟平均值大于700M,网卡发送流量过高,82
245,2019-06-03 15:40:00,主机node_70 **** 请求延时大于5分钟,****请求延时大于5分钟,70
246,2019-06-03 15:40:00,主机node_77 网卡eth0 发送流量持续30分钟平均值大于700M,网卡发送流量过高,77
247,2019-06-03 15:40:01,主机node_99 上I/O等待负载持续15分钟超过10%,I/O等待负载持续15分钟超过10%,99
248,2019-06-03 15:40:01,主机node_44 Nginx 80端口的连接数大于2000,Nginx80端口的连接数大于2000,44
249,2019-06-03 15:40:02,主机node_9 网卡eth0 发送流量持续30分钟平均值大于700M,网卡发送流量过高,9
250,2019-06-03 15:40:04,主机node_67 FullGC次数：23次（大于阈值：10次）,FullGC次数异常,67
251,2019-06-03 15:40:05,主机node_94 上I/O等待负载大于50%,I/O等待负载大于50%,94
252,2019-06-03 15:40:06,主机node_97 网卡流量unknown,网卡流量unknown,97
253,2019-06-03 15:40:07,主机node_17 上I/O等待负载持续15分钟超过10%,I/O等待负载持续15分钟超过10%,17
254,2019-06-03 15:40:07,主机node_95 网卡eth0 接收流量持续10分钟平均值大于300M,网卡接收流量过高,95
255,2019-06-03 15:40:08,主机node_88 上I/O等待负载持续15分钟超过10%,I/O等待负载持续15分钟超过10%,88
256,2019-06-03 15:40:08,主机node_50 网卡eth0 接收流量持续10分钟平均值大于300M,网卡接收流量过高,50
257,2019-06-03 15:40:09,主机node_82 网卡eth0 发送流量持续30分钟平均值大于700M,网卡发送流量过高,82
258,2019-06-03 15:40:10,主机node_71 堆内存平均使用率：94.61%（大于阈值：90%）,堆内存平均使用率大于阈值,71
259,2019-06-03 15:40:10,主机node_77 网卡eth0 发送流量持续30分钟平均值大于700M,网卡发送流量过高,77
260,2019-06-03 15:40:10,主机node_70 **** 请求延时大于5分钟,****请求延时大于5分钟,70
261,2019-06-03 15:40:12,主机node_7 ping延迟时间持续3分钟大于100ms,ping延迟时间持续3分钟大于100ms,7
262,2019-06-03 15:40:13,主机node_29 **** 请求延时大于5分钟,****请求延时大于5分钟,29
263,2019-06-03 15:40:13,主机node_90 日志报错:无法获取连接,日志报错:无法获取连接,90
264,2019-06-03 15:40:14,主机node_67 FullGC次数：23次（大于阈值：10次）,FullGC次数异常,67
265,2019-06-03 15:40:14,主机node_79 端口6060通信异常,端口6060通信异常,79
266,2019-06-03 15:40:15,主机node_94 上I/O等待负载大于50%,I/O等待负载大于50%,94
267,2019-06-03 15:40:15,主机node_39 网卡eth0 发送流量持续10分钟平均值大于800M,网卡发送流量过高,39
268,2019-06-03 15:40:16,主机node_61 日志报错:无法获取连接,日志报错:无法获取连接,61
269,2019-06-03 15:40:17,主机node_95 网卡eth0 接收流量持续10分钟平均值大于300M,网卡接收流量过高,95
270,2019-06-03 15:40:18,主机node_50 网卡eth0 接收流量持续10分钟平均值大于300M,网卡接收流量过高,50
271,2019-06-03 15:40:18,主机node_1 空闲交换空间小于50%,空闲交换空间小于50%,1
272,2019-06-03 15:40:20,主机node_70 **** 请求延时大于5分钟,****请求延时大于5分钟,70
273,2019-06-03 15:40:23,主机node_29 **** 请求延时大于5分钟,****请求延时大于5分钟,29
274,2019-06-03 15:40:25,主机node_39 网卡eth0 发送流量持续10分钟平均值大于800M,网卡发送流量过高,39
275,2019-06-03 15:40:26,主机node_81 JBOSS 8080端口的连接数大于400,JBOSS8080端口的连接数大于400,81
276,2019-06-03 15:40:26,主机node_61 日志报错:无法获取连接,日志报错:无法获取连接,61
277,2019-06-03 15:40:27,主机node_95 网卡eth0 接收流量持续10分钟平均值大于300M,网卡接收流量过高,95
278,2019-06-03 15:40:28,"主机node_76 空闲CPU为1.52%,持续15分钟小于10%",CPU利用率过高,76
279,2019-06-03 15:40:29,主机node_33 网卡eth0 接收流量持续10分钟平均值大于180M,网卡接收流量过高,33
280,2019-06-03 15:40:29,主机node_3 Nginx 80端口的连接数大于2000,Nginx80端口的连接数大于2000,3
281,2019-06-03 15:40:29,主机node_82 网卡eth0 发送流量持续30分钟平均值大于700M,网卡发送流量过高,82
282,2019-06-03 15:40:29,主机node_22 网卡eth0 发送流量持续30分钟平均值大于700M,网卡发送流量过高,22
283,2019-06-03 15:40:30,主机node_70 **** 请求延时大于5分钟,****请求延时大于5分钟,70
284,2019-06-03 15:40:30,主机node_35 网卡eth0 发送流量持续30分钟平均值大于700M,网卡发送流量过高,35
285,2019-06-03 15:40:32,主机node_9 网卡eth0 发送流量持续30分钟平均值大于700M,网卡发送流量过高,9
286,2019-06-03 15:40:33,主机node_29 **** 请求延时大于5分钟,****请求延时大于5分钟,29
287,2019-06-03 15:40:34,主机node_67 FullGC次数：23次（大于阈值：10次）,FullGC次数异常,67
288,2019-06-03 15:40:35,主机node_94 上I/O等待负载大于50%,I/O等待负载大于50%,94
289,2019-06-03 15:40:35,主机node_72 日志中有No route to host信息,日志中有Noroutetohost信息,72
290,2019-06-03 15:40:37,主机node_95 网卡eth0 接收流量持续10分钟平均值大于300M,网卡接收流量过高,95
291,2019-06-03 15:40:38,主机node_21 网卡流量unknown,网卡流量unknown,21
292,2019-06-03 15:40:38,主机node_37 日志中有No route to host信息,日志中有Noroutetohost信息,37
293,2019-06-03 15:40:38,主机node_65 上CPU Steal Time持续5分钟超过10%,CPUStealTime持续5分钟超过10%,65
294,2019-06-03 15:40:39,主机node_82 网卡eth0 发送流量持续30分钟平均值大于700M,网卡发送流量过高,82
295,2019-06-03 15:40:39,主机node_22 网卡eth0 发送流量持续30分钟平均值大于700M,网卡发送流量过高,22
296,2019-06-03 15:40:40,主机node_71 堆内存平均使用率：94.61%（大于阈值：90%）,堆内存平均使用率大于阈值,71
297,2019-06-03 15:40:41,主机node_44 Nginx 80端口的连接数大于2000,Nginx80端口的连接数大于2000,44
298,2019-06-03 15:40:42,主机node_10 网卡eth0 发送流量持续30分钟平均值大于700M,网卡发送流量过高,10
299,2019-06-03 15:40:42,主机node_9 网卡eth0 发送流量持续30分钟平均值大于700M,网卡发送流量过高,9
300,2019-06-03 15:40:43,主机node_69 网卡eth0 发送流量持续10分钟平均值大于800M,网卡发送流量过高,69
301,2019-06-03 15:40:45,主机node_47 日志报错:无法获取连接,日志报错:无法获取连接,47
302,2019-06-03 15:40:46,主机node_61 日志报错:无法获取连接,日志报错:无法获取连接,61
303,2019-06-03 15:40:50,主机node_70 **** 请求延时大于5分钟,****请求延时大于5分钟,70
304,2019-06-03 15:40:52,主机node_20 堆内存平均使用率：94.61%（大于阈值：90%）,堆内存平均使用率大于阈值,20
305,2019-06-03 15:40:52,主机node_9 网卡eth0 发送流量持续30分钟平均值大于700M,网卡发送流量过高,9
306,2019-06-03 15:40:52,主机node_7 ping延迟时间持续3分钟大于100ms,ping延迟时间持续3分钟大于100ms,7
307,2019-06-03 15:40:53,主机node_69 网卡eth0 发送流量持续10分钟平均值大于800M,网卡发送流量过高,69
308,2019-06-03 15:40:53,主机node_29 **** 请求延时大于5分钟,****请求延时大于5分钟,29
309,2019-06-03 15:40:53,主机node_90 日志报错:无法获取连接,日志报错:无法获取连接,90
310,2019-06-03 15:40:55,主机node_39 网卡eth0 发送流量持续10分钟平均值大于800M,网卡发送流量过高,39
311,2019-06-03 15:40:58,主机node_21 网卡流量unknown,网卡流量unknown,21
312,2019-06-03 15:40:58,主机node_1 空闲交换空间小于50%,空闲交换空间小于50%,1
313,2019-06-03 15:40:59,主机node_22 网卡eth0 发送流量持续30分钟平均值大于700M,网卡发送流量过高,22
314,2019-06-03 15:40:59,主机node_82 网卡eth0 发送流量持续30分钟平均值大于700M,网卡发送流量过高,82
315,2019-06-03 15:41:00,主机node_70 **** 请求延时大于5分钟,****请求延时大于5分钟,70
316,2019-06-03 15:41:01,主机node_44 Nginx 80端口的连接数大于2000,Nginx80端口的连接数大于2000,44
317,2019-06-03 15:41:02,主机node_9 网卡eth0 发送流量持续30分钟平均值大于700M,网卡发送流量过高,9
318,2019-06-03 15:41:03,主机node_29 **** 请求延时大于5分钟,****请求延时大于5分钟,29
319,2019-06-03 15:41:03,主机node_69 网卡eth0 发送流量持续10分钟平均值大于800M,网卡发送流量过高,69
320,2019-06-03 15:41:04,主机node_79 端口6060通信异常,端口6060通信异常,79
321,2019-06-03 15:41:05,主机node_39 网卡eth0 发送流量持续10分钟平均值大于800M,网卡发送流量过高,39
322,2019-06-03 15:41:05,主机node_94 上I/O等待负载大于50%,I/O等待负载大于50%,94
323,2019-06-03 15:41:06,主机node_97 网卡流量unknown,网卡流量unknown,97
324,2019-06-03 15:41:07,主机node_95 网卡eth0 接收流量持续10分钟平均值大于300M,网卡接收流量过高,95
325,2019-06-03 15:41:07,主机node_16 **application 停止运行,**application停止运行,16
326,2019-06-03 15:41:08,主机node_88 上I/O等待负载持续15分钟超过10%,I/O等待负载持续15分钟超过10%,88
327,2019-06-03 15:41:09,主机node_22 网卡eth0 发送流量持续30分钟平均值大于700M,网卡发送流量过高,22
328,2019-06-03 15:41:09,主机node_12 硬盘Slot 00状态为Failed,硬盘Slot00状态为Failed,12
329,2019-06-03 15:41:10,主机node_70 **** 请求延时大于5分钟,****请求延时大于5分钟,70
330,2019-06-03 15:41:10,主机node_35 网卡eth0 发送流量持续30分钟平均值大于700M,网卡发送流量过高,35
331,2019-06-03 15:41:12,主机node_9 网卡eth0 发送流量持续30分钟平均值大于700M,网卡发送流量过高,9
332,2019-06-03 15:41:13,主机node_69 网卡eth0 发送流量持续10分钟平均值大于800M,网卡发送流量过高,69
333,2019-06-03 15:41:13,主机node_29 **** 请求延时大于5分钟,****请求延时大于5分钟,29
334,2019-06-03 15:41:14,主机node_14 ping延迟时间持续3分钟大于100ms,ping延迟时间持续3分钟大于100ms,14
335,2019-06-03 15:41:14,主机node_67 FullGC次数：23次（大于阈值：10次）,FullGC次数异常,67
336,2019-06-03 15:41:14,主机node_24 ping丢包率当前值为25%，持续2分钟平均大于20%,ping丢包率当前值为25%，持续2分钟平均大于20%,24
337,2019-06-03 15:41:15,主机node_13 sdd IO使用率持续30分钟大于90%,磁盘I/O异常,13
338,2019-06-03 15:41:16,主机node_61 日志报错:无法获取连接,日志报错:无法获取连接,61
339,2019-06-03 15:41:17,主机node_95 网卡eth0 接收流量持续10分钟平均值大于300M,网卡接收流量过高,95
340,2019-06-03 15:41:19,主机node_12 硬盘Slot 00状态为Failed,硬盘Slot00状态为Failed,12
341,2019-06-03 15:41:19,主机node_82 网卡eth0 发送流量持续30分钟平均值大于700M,网卡发送流量过高,82
342,2019-06-03 15:41:20,主机node_77 网卡eth0 发送流量持续30分钟平均值大于700M,网卡发送流量过高,77
343,2019-06-03 15:41:21,主机node_44 Nginx 80端口的连接数大于2000,Nginx80端口的连接数大于2000,44
344,2019-06-03 15:41:22,主机node_9 网卡eth0 发送流量持续30分钟平均值大于700M,网卡发送流量过高,9
345,2019-06-03 15:41:23,主机node_29 **** 请求延时大于5分钟,****请求延时大于5分钟,29
346,2019-06-03 15:41:24,主机node_67 FullGC次数：23次（大于阈值：10次）,FullGC次数异常,67
347,2019-06-03 15:41:25,主机node_39 网卡eth0 发送流量持续10分钟平均值大于800M,网卡发送流量过高,39
348,2019-06-03 15:41:27,主机node_43 sdd IO使用率持续30分钟大于90%,磁盘I/O异常,43
349,2019-06-03 15:41:29,主机node_22 网卡eth0 发送流量持续30分钟平均值大于700M,网卡发送流量过高,22
350,2019-06-03 15:41:29,主机node_82 网卡eth0 发送流量持续30分钟平均值大于700M,网卡发送流量过高,82
351,2019-06-03 15:41:31,主机node_44 Nginx 80端口的连接数大于2000,Nginx80端口的连接数大于2000,44
352,2019-06-03 15:41:32,主机node_9 网卡eth0 发送流量持续30分钟平均值大于700M,网卡发送流量过高,9
353,2019-06-03 15:41:32,主机node_7 ping延迟时间持续3分钟大于100ms,ping延迟时间持续3分钟大于100ms,7
354,2019-06-03 15:41:33,主机node_29 **** 请求延时大于5分钟,****请求延时大于5分钟,29
355,2019-06-03 15:41:34,主机node_67 FullGC次数：23次（大于阈值：10次）,FullGC次数异常,67
356,2019-06-03 15:41:35,主机node_39 网卡eth0 发送流量持续10分钟平均值大于800M,网卡发送流量过高,39
357,2019-06-03 15:41:35,主机node_72 日志中有No route to host信息,日志中有Noroutetohost信息,72
358,2019-06-03 15:41:35,主机node_94 上I/O等待负载大于50%,I/O等待负载大于50%,94
359,2019-06-03 15:41:36,主机node_97 网卡流量unknown,网卡流量unknown,97
360,2019-06-03 15:41:37,主机node_95 网卡eth0 接收流量持续10分钟平均值大于300M,网卡接收流量过高,95
361,2019-06-03 15:41:37,主机node_43 sdd IO使用率持续30分钟大于90%,磁盘I/O异常,43
362,2019-06-03 15:41:38,主机node_54 ping延迟时间持续3分钟大于100ms,ping延迟时间持续3分钟大于100ms,54
363,2019-06-03 15:41:38,主机node_37 日志中有No route to host信息,日志中有Noroutetohost信息,37
364,2019-06-03 15:41:39,主机node_22 网卡eth0 发送流量持续30分钟平均值大于700M,网卡发送流量过高,22
365,2019-06-03 15:41:39,主机node_3 Nginx 80端口的连接数大于2000,Nginx80端口的连接数大于2000,3
366,2019-06-03 15:41:39,主机node_33 网卡eth0 接收流量持续10分钟平均值大于180M,网卡接收流量过高,33
367,2019-06-03 15:41:39,主机node_82 网卡eth0 发送流量持续30分钟平均值大于700M,网卡发送流量过高,82
368,2019-06-03 15:41:42,主机node_9 网卡eth0 发送流量持续30分钟平均值大于700M,网卡发送流量过高,9
369,2019-06-03 15:41:42,主机node_32 上I/O等待负载大于50%,I/O等待负载大于50%,32
370,2019-06-03 15:41:44,主机node_67 FullGC次数：23次（大于阈值：10次）,FullGC次数异常,67
371,2019-06-03 15:41:44,主机node_79 端口6060通信异常,端口6060通信异常,79
372,2019-06-03 15:41:45,主机node_94 上I/O等待负载大于50%,I/O等待负载大于50%,94
373,2019-06-03 15:41:45,主机node_39 网卡eth0 发送流量持续10分钟平均值大于800M,网卡发送流量过高,39
374,2019-06-03 15:41:47,主机node_95 网卡eth0 接收流量持续10分钟平均值大于300M,网卡接收流量过高,95
375,2019-06-03 15:41:47,主机node_17 上I/O等待负载持续15分钟超过10%,I/O等待负载持续15分钟超过10%,17
376,2019-06-03 15:41:48,主机node_1 空闲交换空间小于50%,空闲交换空间小于50%,1
377,2019-06-03 15:41:49,主机node_22 网卡eth0 发送流量持续30分钟平均值大于700M,网卡发送流量过高,22
378,2019-06-03 15:41:49,主机node_82 网卡eth0 发送流量持续30分钟平均值大于700M,网卡发送流量过高,82
379,2019-06-03 15:41:50,主机node_70 **** 请求延时大于5分钟,****请求延时大于5分钟,70
380,2019-06-03 15:41:52,主机node_10 网卡eth0 发送流量持续30分钟平均值大于700M,网卡发送流量过高,10
381,2019-06-03 15:41:52,主机node_20 堆内存平均使用率：94.61%（大于阈值：90%）,堆内存平均使用率大于阈值,20
382,2019-06-03 15:41:52,主机node_9 网卡eth0 发送流量持续30分钟平均值大于700M,网卡发送流量过高,9
383,2019-06-03 15:41:53,主机node_90 日志报错:无法获取连接,日志报错:无法获取连接,90
384,2019-06-03 15:41:53,主机node_69 网卡eth0 发送流量持续10分钟平均值大于800M,网卡发送流量过高,69
385,2019-06-03 15:41:54,主机node_14 ping延迟时间持续3分钟大于100ms,ping延迟时间持续3分钟大于100ms,14
386,2019-06-03 15:41:54,主机node_67 FullGC次数：23次（大于阈值：10次）,FullGC次数异常,67
387,2019-06-03 15:41:57,主机node_17 上I/O等待负载持续15分钟超过10%,I/O等待负载持续15分钟超过10%,17
388,2019-06-03 15:41:57,主机node_8 网卡流量unknown,网卡流量unknown,8
389,2019-06-03 15:42:00,主机node_45 网卡流量unknown,网卡流量unknown,45
390,2019-06-03 15:42:00,主机node_77 网卡eth0 发送流量持续30分钟平均值大于700M,网卡发送流量过高,77
391,2019-06-03 15:42:03,主机node_69 网卡eth0 发送流量持续10分钟平均值大于800M,网卡发送流量过高,69
392,2019-06-03 15:42:03,主机node_23 日志产生ERROR信息,日志产生ERROR信息,23
393,2019-06-03 15:42:03,主机node_29 **** 请求延时大于5分钟,****请求延时大于5分钟,29
394,2019-06-03 15:42:05,主机node_94 上I/O等待负载大于50%,I/O等待负载大于50%,94
395,2019-06-03 15:42:05,主机node_39 网卡eth0 发送流量持续10分钟平均值大于800M,网卡发送流量过高,39
396,2019-06-03 15:42:08,主机node_50 网卡eth0 接收流量持续10分钟平均值大于300M,网卡接收流量过高,50
397,2019-06-03 15:42:09,主机node_3 Nginx 80端口的连接数大于2000,Nginx80端口的连接数大于2000,3
398,2019-06-03 15:42:09,主机node_82 网卡eth0 发送流量持续30分钟平均值大于700M,网卡发送流量过高,82
399,2019-06-03 15:42:10,主机node_70 **** 请求延时大于5分钟,****请求延时大于5分钟,70
400,2019-06-03 15:42:10,主机node_77 网卡eth0 发送流量持续30分钟平均值大于700M,网卡发送流量过高,77
401,2019-06-03 15:42:11,主机node_44 Nginx 80端口的连接数大于2000,Nginx80端口的连接数大于2000,44
402,2019-06-03 15:42:13,主机node_29 **** 请求延时大于5分钟,****请求延时大于5分钟,29
403,2019-06-03 15:42:13,主机node_55 日志产生ERROR信息,日志产生ERROR信息,55
404,2019-06-03 15:42:14,主机node_67 FullGC次数：23次（大于阈值：10次）,FullGC次数异常,67
405,2019-06-03 15:42:15,主机node_39 网卡eth0 发送流量持续10分钟平均值大于800M,网卡发送流量过高,39
406,2019-06-03 15:42:16,主机node_97 网卡流量unknown,网卡流量unknown,97
407,2019-06-03 15:42:16,主机node_61 日志报错:无法获取连接,日志报错:无法获取连接,61
408,2019-06-03 15:42:17,主机node_17 上I/O等待负载持续15分钟超过10%,I/O等待负载持续15分钟超过10%,17
409,2019-06-03 15:42:18,主机node_1 空闲交换空间小于50%,空闲交换空间小于50%,1
410,2019-06-03 15:42:19,主机node_82 网卡eth0 发送流量持续30分钟平均值大于700M,网卡发送流量过高,82
411,2019-06-03 15:42:20,主机node_71 堆内存平均使用率：94.61%（大于阈值：90%）,堆内存平均使用率大于阈值,71
412,2019-06-03 15:42:20,主机node_70 **** 请求延时大于5分钟,****请求延时大于5分钟,70
413,2019-06-03 15:42:22,主机node_10 网卡eth0 发送流量持续30分钟平均值大于700M,网卡发送流量过高,10
414,2019-06-03 15:42:23,主机node_69 网卡eth0 发送流量持续10分钟平均值大于800M,网卡发送流量过高,69
415,2019-06-03 15:42:23,主机node_29 **** 请求延时大于5分钟,****请求延时大于5分钟,29
416,2019-06-03 15:42:24,主机node_67 FullGC次数：23次（大于阈值：10次）,FullGC次数异常,67
417,2019-06-03 15:42:25,主机node_72 日志中有No route to host信息,日志中有Noroutetohost信息,72
418,2019-06-03 15:42:25,主机node_39 网卡eth0 发送流量持续10分钟平均值大于800M,网卡发送流量过高,39
419,2019-06-03 15:42:26,主机node_81 JBOSS 8080端口的连接数大于400,JBOSS8080端口的连接数大于400,81
420,2019-06-03 15:42:27,主机node_95 网卡eth0 接收流量持续10分钟平均值大于300M,网卡接收流量过高,95
421,2019-06-03 15:42:28,主机node_50 网卡eth0 接收流量持续10分钟平均值大于300M,网卡接收流量过高,50
422,2019-06-03 15:42:28,"主机node_76 空闲CPU为1.52%,持续15分钟小于10%",CPU利用率过高,76
423,2019-06-03 15:42:29,主机node_22 网卡eth0 发送流量持续30分钟平均值大于700M,网卡发送流量过高,22
424,2019-06-03 15:42:29,主机node_82 网卡eth0 发送流量持续30分钟平均值大于700M,网卡发送流量过高,82
425,2019-06-03 15:42:30,主机node_70 **** 请求延时大于5分钟,****请求延时大于5分钟,70
426,2019-06-03 15:42:30,主机node_77 网卡eth0 发送流量持续30分钟平均值大于700M,网卡发送流量过高,77
427,2019-06-03 15:42:31,主机node_44 Nginx 80端口的连接数大于2000,Nginx80端口的连接数大于2000,44
428,2019-06-03 15:42:32,主机node_9 网卡eth0 发送流量持续30分钟平均值大于700M,网卡发送流量过高,9
429,2019-06-03 15:42:32,主机node_7 ping延迟时间持续3分钟大于100ms,ping延迟时间持续3分钟大于100ms,7
430,2019-06-03 15:42:33,主机node_69 网卡eth0 发送流量持续10分钟平均值大于800M,网卡发送流量过高,69
431,2019-06-03 15:42:34,主机node_14 ping延迟时间持续3分钟大于100ms,ping延迟时间持续3分钟大于100ms,14
432,2019-06-03 15:42:35,主机node_72 日志中有No route to host信息,日志中有Noroutetohost信息,72
433,2019-06-03 15:42:35,主机node_94 上I/O等待负载大于50%,I/O等待负载大于50%,94
434,2019-06-03 15:42:38,主机node_54 ping延迟时间持续3分钟大于100ms,ping延迟时间持续3分钟大于100ms,54
435,2019-06-03 15:42:39,主机node_22 网卡eth0 发送流量持续30分钟平均值大于700M,网卡发送流量过高,22
436,2019-06-03 15:42:39,主机node_82 网卡eth0 发送流量持续30分钟平均值大于700M,网卡发送流量过高,82
437,2019-06-03 15:42:40,主机node_77 网卡eth0 发送流量持续30分钟平均值大于700M,网卡发送流量过高,77
438,2019-06-03 15:42:40,主机node_70 **** 请求延时大于5分钟,****请求延时大于5分钟,70
439,2019-06-03 15:42:42,主机node_20 堆内存平均使用率：94.61%（大于阈值：90%）,堆内存平均使用率大于阈值,20
440,2019-06-03 15:42:42,主机node_7 ping延迟时间持续3分钟大于100ms,ping延迟时间持续3分钟大于100ms,7
441,2019-06-03 15:42:43,主机node_90 日志报错:无法获取连接,日志报错:无法获取连接,90
442,2019-06-03 15:42:43,主机node_69 网卡eth0 发送流量持续10分钟平均值大于800M,网卡发送流量过高,69
443,2019-06-03 15:42:43,主机node_29 **** 请求延时大于5分钟,****请求延时大于5分钟,29
444,2019-06-03 15:42:45,主机node_94 上I/O等待负载大于50%,I/O等待负载大于50%,94
445,2019-06-03 15:42:45,主机node_39 网卡eth0 发送流量持续10分钟平均值大于800M,网卡发送流量过高,39
446,2019-06-03 15:42:47,主机node_95 网卡eth0 接收流量持续10分钟平均值大于300M,网卡接收流量过高,95
447,2019-06-03 15:42:48,主机node_50 网卡eth0 接收流量持续10分钟平均值大于300M,网卡接收流量过高,50
448,2019-06-03 15:42:48,主机node_54 ping延迟时间持续3分钟大于100ms,ping延迟时间持续3分钟大于100ms,54
449,2019-06-03 15:42:49,主机node_22 网卡eth0 发送流量持续30分钟平均值大于700M,网卡发送流量过高,22
450,2019-06-03 15:42:49,主机node_82 网卡eth0 发送流量持续30分钟平均值大于700M,网卡发送流量过高,82
451,2019-06-03 15:42:50,主机node_71 堆内存平均使用率：94.61%（大于阈值：90%）,堆内存平均使用率大于阈值,71
452,2019-06-03 15:42:50,主机node_70 **** 请求延时大于5分钟,****请求延时大于5分钟,70
453,2019-06-03 15:42:52,主机node_9 网卡eth0 发送流量持续30分钟平均值大于700M,网卡发送流量过高,9
454,2019-06-03 15:42:52,主机node_20 堆内存平均使用率：94.61%（大于阈值：90%）,堆内存平均使用率大于阈值,20
455,2019-06-03 15:42:52,主机node_7 ping延迟时间持续3分钟大于100ms,ping延迟时间持续3分钟大于100ms,7
456,2019-06-03 15:42:53,主机node_29 **** 请求延时大于5分钟,****请求延时大于5分钟,29
457,2019-06-03 15:42:54,主机node_24 ping丢包率当前值为25%，持续2分钟平均大于20%,ping丢包率当前值为25%，持续2分钟平均大于20%,24
458,2019-06-03 15:42:54,主机node_79 端口6060通信异常,端口6060通信异常,79
459,2019-06-03 15:42:55,主机node_39 网卡eth0 发送流量持续10分钟平均值大于800M,网卡发送流量过高,39
460,2019-06-03 15:42:57,主机node_8 网卡流量unknown,网卡流量unknown,8
461,2019-06-03 15:42:58,主机node_1 空闲交换空间小于50%,空闲交换空间小于50%,1
462,2019-06-03 15:42:59,主机node_82 网卡eth0 发送流量持续30分钟平均值大于700M,网卡发送流量过高,82
463,2019-06-03 15:42:59,主机node_33 网卡eth0 接收流量持续10分钟平均值大于180M,网卡接收流量过高,33
464,2019-06-03 15:42:59,主机node_22 网卡eth0 发送流量持续30分钟平均值大于700M,网卡发送流量过高,22
465,2019-06-03 15:43:00,主机node_70 **** 请求延时大于5分钟,****请求延时大于5分钟,70
466,2019-06-03 15:43:00,主机node_71 堆内存平均使用率：94.61%（大于阈值：90%）,堆内存平均使用率大于阈值,71
467,2019-06-03 15:43:02,主机node_7 ping延迟时间持续3分钟大于100ms,ping延迟时间持续3分钟大于100ms,7
468,2019-06-03 15:43:02,主机node_9 网卡eth0 发送流量持续30分钟平均值大于700M,网卡发送流量过高,9
469,2019-06-03 15:43:03,主机node_55 日志产生ERROR信息,日志产生ERROR信息,55
470,2019-06-03 15:43:03,主机node_69 网卡eth0 发送流量持续10分钟平均值大于800M,网卡发送流量过高,69
471,2019-06-03 15:43:03,主机node_90 日志报错:无法获取连接,日志报错:无法获取连接,90
472,2019-06-03 15:43:04,主机node_67 FullGC次数：23次（大于阈值：10次）,FullGC次数异常,67
473,2019-06-03 15:43:05,主机node_72 日志中有No route to host信息,日志中有Noroutetohost信息,72
474,2019-06-03 15:43:05,主机node_94 上I/O等待负载大于50%,I/O等待负载大于50%,94
475,2019-06-03 15:43:05,主机node_39 网卡eth0 发送流量持续10分钟平均值大于800M,网卡发送流量过高,39
476,2019-06-03 15:43:06,主机node_81 JBOSS 8080端口的连接数大于400,JBOSS8080端口的连接数大于400,81
477,2019-06-03 15:43:07,主机node_95 网卡eth0 接收流量持续10分钟平均值大于300M,网卡接收流量过高,95
478,2019-06-03 15:43:08,主机node_1 空闲交换空间小于50%,空闲交换空间小于50%,1
479,2019-06-03 15:43:09,主机node_82 网卡eth0 发送流量持续30分钟平均值大于700M,网卡发送流量过高,82
480,2019-06-03 15:43:10,主机node_70 **** 请求延时大于5分钟,****请求延时大于5分钟,70
481,2019-06-03 15:43:10,主机node_77 网卡eth0 发送流量持续30分钟平均值大于700M,网卡发送流量过高,77
482,2019-06-03 15:43:10,主机node_71 堆内存平均使用率：94.61%（大于阈值：90%）,堆内存平均使用率大于阈值,71
483,2019-06-03 15:43:12,主机node_9 网卡eth0 发送流量持续30分钟平均值大于700M,网卡发送流量过高,9
484,2019-06-03 15:43:13,主机node_55 日志产生ERROR信息,日志产生ERROR信息,55
485,2019-06-03 15:43:14,主机node_79 端口6060通信异常,端口6060通信异常,79
486,2019-06-03 15:43:14,主机node_67 FullGC次数：23次（大于阈值：10次）,FullGC次数异常,67
487,2019-06-03 15:43:15,主机node_39 网卡eth0 发送流量持续10分钟平均值大于800M,网卡发送流量过高,39
488,2019-06-03 15:43:16,主机node_61 日志报错:无法获取连接,日志报错:无法获取连接,61
489,2019-06-03 15:43:17,主机node_95 网卡eth0 接收流量持续10分钟平均值大于300M,网卡接收流量过高,95
490,2019-06-03 15:43:18,"主机node_76 空闲CPU为1.52%,持续15分钟小于10%",CPU利用率过高,76
491,2019-06-03 15:43:19,主机node_12 硬盘Slot 00状态为Failed,硬盘Slot00状态为Failed,12
492,2019-06-03 15:43:20,主机node_77 网卡eth0 发送流量持续30分钟平均值大于700M,网卡发送流量过高,77
493,2019-06-03 15:43:20,主机node_71 堆内存平均使用率：94.61%（大于阈值：90%）,堆内存平均使用率大于阈值,71
494,2019-06-03 15:43:20,主机node_45 网卡流量unknown,网卡流量unknown,45
495,2019-06-03 15:43:22,主机node_7 ping延迟时间持续3分钟大于100ms,ping延迟时间持续3分钟大于100ms,7
496,2019-06-03 15:43:23,主机node_69 网卡eth0 发送流量持续10分钟平均值大于800M,网卡发送流量过高,69
497,2019-06-03 15:43:23,主机node_29 **** 请求延时大于5分钟,****请求延时大于5分钟,29
498,2019-06-03 15:43:24,主机node_67 FullGC次数：23次（大于阈值：10次）,FullGC次数异常,67
499,2019-06-03 15:43:25,主机node_94 上I/O等待负载大于50%,I/O等待负载大于50%,94
500,2019-06-03 15:43:27,主机node_17 上I/O等待负载持续15分钟超过10%,I/O等待负载持续15分钟超过10%,17
501,2019-06-03 15:43:27,主机node_95 网卡eth0 接收流量持续10分钟平均值大于300M,网卡接收流量过高,95
502,2019-06-03 15:43:28,主机node_37 日志中有No route to host信息,日志中有Noroutetohost信息,37
503,2019-06-03 15:43:29,主机node_82 网卡eth0 发送流量持续30分钟平均值大于700M,网卡发送流量过高,82
504,2019-06-03 15:43:30,主机node_77 网卡eth0 发送流量持续30分钟平均值大于700M,网卡发送流量过高,77
505,2019-06-03 15:43:32,主机node_9 网卡eth0 发送流量持续30分钟平均值大于700M,网卡发送流量过高,9
506,2019-06-03 15:43:32,主机node_7 ping延迟时间持续3分钟大于100ms,ping延迟时间持续3分钟大于100ms,7
507,2019-06-03 15:43:33,主机node_29 **** 请求延时大于5分钟,****请求延时大于5分钟,29
508,2019-06-03 15:43:33,主机node_69 网卡eth0 发送流量持续10分钟平均值大于800M,网卡发送流量过高,69
509,2019-06-03 15:43:34,主机node_14 ping延迟时间持续3分钟大于100ms,ping延迟时间持续3分钟大于100ms,14
510,2019-06-03 15:43:34,主机node_79 端口6060通信异常,端口6060通信异常,79
511,2019-06-03 15:43:34,主机node_67 FullGC次数：23次（大于阈值：10次）,FullGC次数异常,67
512,2019-06-03 15:43:34,主机node_24 ping丢包率当前值为25%，持续2分钟平均大于20%,ping丢包率当前值为25%，持续2分钟平均大于20%,24
513,2019-06-03 15:43:35,主机node_72 日志中有No route to host信息,日志中有Noroutetohost信息,72
514,2019-06-03 15:43:37,主机node_95 网卡eth0 接收流量持续10分钟平均值大于300M,网卡接收流量过高,95
515,2019-06-03 15:43:38,主机node_50 网卡eth0 接收流量持续10分钟平均值大于300M,网卡接收流量过高,50
516,2019-06-03 15:43:39,主机node_12 硬盘Slot 00状态为Failed,硬盘Slot00状态为Failed,12
517,2019-06-03 15:43:39,主机node_82 网卡eth0 发送流量持续30分钟平均值大于700M,网卡发送流量过高,82
518,2019-06-03 15:43:40,主机node_77 网卡eth0 发送流量持续30分钟平均值大于700M,网卡发送流量过高,77
519,2019-06-03 15:43:44,主机node_67 FullGC次数：23次（大于阈值：10次）,FullGC次数异常,67
520,2019-06-03 15:43:45,主机node_72 日志中有No route to host信息,日志中有Noroutetohost信息,72
521,2019-06-03 15:43:45,主机node_39 网卡eth0 发送流量持续10分钟平均值大于800M,网卡发送流量过高,39
522,2019-06-03 15:43:46,主机node_61 日志报错:无法获取连接,日志报错:无法获取连接,61
523,2019-06-03 15:43:46,主机node_97 网卡流量unknown,网卡流量unknown,97
524,2019-06-03 15:43:47,主机node_17 上I/O等待负载持续15分钟超过10%,I/O等待负载持续15分钟超过10%,17
525,2019-06-03 15:43:47,主机node_95 网卡eth0 接收流量持续10分钟平均值大于300M,网卡接收流量过高,95
526,2019-06-03 15:43:48,主机node_21 网卡流量unknown,网卡流量unknown,21
527,2019-06-03 15:43:48,主机node_37 日志中有No route to host信息,日志中有Noroutetohost信息,37
528,2019-06-03 15:43:49,主机node_33 网卡eth0 接收流量持续10分钟平均值大于180M,网卡接收流量过高,33
529,2019-06-03 15:43:49,主机node_82 网卡eth0 发送流量持续30分钟平均值大于700M,网卡发送流量过高,82
530,2019-06-03 15:43:50,主机node_70 **** 请求延时大于5分钟,****请求延时大于5分钟,70
531,2019-06-03 15:43:51,主机node_44 Nginx 80端口的连接数大于2000,Nginx80端口的连接数大于2000,44
532,2019-06-03 15:43:51,主机node_31 url:http://node_31:80//访问失败,url80//访问失败,31
533,2019-06-03 15:43:52,主机node_9 网卡eth0 发送流量持续30分钟平均值大于700M,网卡发送流量过高,9
534,2019-06-03 15:43:52,主机node_10 网卡eth0 发送流量持续30分钟平均值大于700M,网卡发送流量过高,10
535,2019-06-03 15:43:53,主机node_29 **** 请求延时大于5分钟,****请求延时大于5分钟,29
536,2019-06-03 15:43:54,主机node_67 FullGC次数：23次（大于阈值：10次）,FullGC次数异常,67
537,2019-06-03 15:43:55,主机node_39 网卡eth0 发送流量持续10分钟平均值大于800M,网卡发送流量过高,39
538,2019-06-03 15:43:55,主机node_72 日志中有No route to host信息,日志中有Noroutetohost信息,72
539,2019-06-03 15:43:56,主机node_97 网卡流量unknown,网卡流量unknown,97
540,2019-06-03 15:43:56,主机node_81 JBOSS 8080端口的连接数大于400,JBOSS8080端口的连接数大于400,81
541,2019-06-03 15:44:00,主机node_71 堆内存平均使用率：94.61%（大于阈值：90%）,堆内存平均使用率大于阈值,71
542,2019-06-03 15:44:01,主机node_44 Nginx 80端口的连接数大于2000,Nginx80端口的连接数大于2000,44
543,2019-06-03 15:44:02,主机node_9 网卡eth0 发送流量持续30分钟平均值大于700M,网卡发送流量过高,9
544,2019-06-03 15:44:02,主机node_10 网卡eth0 发送流量持续30分钟平均值大于700M,网卡发送流量过高,10
545,2019-06-03 15:44:03,主机node_69 网卡eth0 发送流量持续10分钟平均值大于800M,网卡发送流量过高,69
546,2019-06-03 15:44:04,主机node_67 FullGC次数：23次（大于阈值：10次）,FullGC次数异常,67
547,2019-06-03 15:44:05,主机node_94 上I/O等待负载大于50%,I/O等待负载大于50%,94
548,2019-06-03 15:44:07,主机node_95 网卡eth0 接收流量持续10分钟平均值大于300M,网卡接收流量过高,95
549,2019-06-03 15:44:09,主机node_33 网卡eth0 接收流量持续10分钟平均值大于180M,网卡接收流量过高,33
550,2019-06-03 15:44:10,主机node_77 网卡eth0 发送流量持续30分钟平均值大于700M,网卡发送流量过高,77
551,2019-06-03 15:44:12,主机node_9 网卡eth0 发送流量持续30分钟平均值大于700M,网卡发送流量过高,9
552,2019-06-03 15:44:13,主机node_69 网卡eth0 发送流量持续10分钟平均值大于800M,网卡发送流量过高,69
553,2019-06-03 15:44:13,主机node_29 **** 请求延时大于5分钟,****请求延时大于5分钟,29
554,2019-06-03 15:44:14,主机node_79 端口6060通信异常,端口6060通信异常,79
555,2019-06-03 15:44:15,主机node_39 网卡eth0 发送流量持续10分钟平均值大于800M,网卡发送流量过高,39
556,2019-06-03 15:44:15,主机node_94 上I/O等待负载大于50%,I/O等待负载大于50%,94
557,2019-06-03 15:44:17,主机node_95 网卡eth0 接收流量持续10分钟平均值大于300M,网卡接收流量过高,95
558,2019-06-03 15:44:17,主机node_8 网卡流量unknown,网卡流量unknown,8
559,2019-06-03 15:44:20,主机node_77 网卡eth0 发送流量持续30分钟平均值大于700M,网卡发送流量过高,77
560,2019-06-03 15:44:20,主机node_71 堆内存平均使用率：94.61%（大于阈值：90%）,堆内存平均使用率大于阈值,71
561,2019-06-03 15:44:23,主机node_69 网卡eth0 发送流量持续10分钟平均值大于800M,网卡发送流量过高,69
562,2019-06-03 15:44:24,主机node_67 FullGC次数：23次（大于阈值：10次）,FullGC次数异常,67
563,2019-06-03 15:44:25,主机node_39 网卡eth0 发送流量持续10分钟平均值大于800M,网卡发送流量过高,39
564,2019-06-03 15:44:26,主机node_97 网卡流量unknown,网卡流量unknown,97
565,2019-06-03 15:44:27,主机node_95 网卡eth0 接收流量持续10分钟平均值大于300M,网卡接收流量过高,95
566,2019-06-03 15:44:30,主机node_35 网卡eth0 发送流量持续30分钟平均值大于700M,网卡发送流量过高,35
567,2019-06-03 15:44:30,主机node_71 堆内存平均使用率：94.61%（大于阈值：90%）,堆内存平均使用率大于阈值,71
568,2019-06-03 15:44:31,主机node_99 上I/O等待负载持续15分钟超过10%,I/O等待负载持续15分钟超过10%,99
569,2019-06-03 15:44:32,主机node_7 ping延迟时间持续3分钟大于100ms,ping延迟时间持续3分钟大于100ms,7
570,2019-06-03 15:44:32,主机node_9 网卡eth0 发送流量持续30分钟平均值大于700M,网卡发送流量过高,9
571,2019-06-03 15:44:33,主机node_29 **** 请求延时大于5分钟,****请求延时大于5分钟,29
572,2019-06-03 15:44:34,主机node_67 FullGC次数：23次（大于阈值：10次）,FullGC次数异常,67
573,2019-06-03 15:44:35,主机node_72 日志中有No route to host信息,日志中有Noroutetohost信息,72
574,2019-06-03 15:44:37,主机node_43 sdd IO使用率持续30分钟大于90%,磁盘I/O异常,43
575,2019-06-03 15:44:37,主机node_8 网卡流量unknown,网卡流量unknown,8
576,2019-06-03 15:44:37,主机node_16 **application 停止运行,**application停止运行,16
577,2019-06-03 15:44:39,主机node_33 网卡eth0 接收流量持续10分钟平均值大于180M,网卡接收流量过高,33
578,2019-06-03 15:44:39,主机node_82 网卡eth0 发送流量持续30分钟平均值大于700M,网卡发送流量过高,82
579,2019-06-03 15:44:40,主机node_70 **** 请求延时大于5分钟,****请求延时大于5分钟,70
580,2019-06-03 15:44:40,主机node_77 网卡eth0 发送流量持续30分钟平均值大于700M,网卡发送流量过高,77
581,2019-06-03 15:44:42,主机node_9 网卡eth0 发送流量持续30分钟平均值大于700M,网卡发送流量过高,9
582,2019-06-03 15:44:42,主机node_20 堆内存平均使用率：94.61%（大于阈值：90%）,堆内存平均使用率大于阈值,20
583,2019-06-03 15:44:43,主机node_69 网卡eth0 发送流量持续10分钟平均值大于800M,网卡发送流量过高,69
584,2019-06-03 15:44:43,主机node_55 日志产生ERROR信息,日志产生ERROR信息,55
585,2019-06-03 15:44:44,主机node_67 FullGC次数：23次（大于阈值：10次）,FullGC次数异常,67
586,2019-06-03 15:44:45,主机node_39 网卡eth0 发送流量持续10分钟平均值大于800M,网卡发送流量过高,39
587,2019-06-03 15:44:46,主机node_97 网卡流量unknown,网卡流量unknown,97
588,2019-06-03 15:44:48,主机node_49 sdd IO使用率持续30分钟大于90%,磁盘I/O异常,49
589,2019-06-03 15:44:49,主机node_82 网卡eth0 发送流量持续30分钟平均值大于700M,网卡发送流量过高,82
590,2019-06-03 15:44:50,主机node_70 **** 请求延时大于5分钟,****请求延时大于5分钟,70
591,2019-06-03 15:44:52,主机node_20 堆内存平均使用率：94.61%（大于阈值：90%）,堆内存平均使用率大于阈值,20
592,2019-06-03 15:44:52,主机node_9 网卡eth0 发送流量持续30分钟平均值大于700M,网卡发送流量过高,9
593,2019-06-03 15:44:53,主机node_29 **** 请求延时大于5分钟,****请求延时大于5分钟,29
594,2019-06-03 15:44:53,主机node_69 网卡eth0 发送流量持续10分钟平均值大于800M,网卡发送流量过高,69
595,2019-06-03 15:44:54,主机node_67 FullGC次数：23次（大于阈值：10次）,FullGC次数异常,67
596,2019-06-03 15:44:54,主机node_24 ping丢包率当前值为25%，持续2分钟平均大于20%,ping丢包率当前值为25%，持续2分钟平均大于20%,24
597,2019-06-03 15:44:54,主机node_14 ping延迟时间持续3分钟大于100ms,ping延迟时间持续3分钟大于100ms,14
598,2019-06-03 15:44:55,主机node_39 网卡eth0 发送流量持续10分钟平均值大于800M,网卡发送流量过高,39
599,2019-06-03 15:44:55,主机node_94 上I/O等待负载大于50%,I/O等待负载大于50%,94
600,2019-06-03 15:45:00,主机node_70 **** 请求延时大于5分钟,****请求延时大于5分钟,70
601,2019-06-03 15:45:02,主机node_32 上I/O等待负载大于50%,I/O等待负载大于50%,32
602,2019-06-03 15:45:03,主机node_23 日志产生ERROR信息,日志产生ERROR信息,23
603,2019-06-03 15:45:03,主机node_90 日志报错:无法获取连接,日志报错:无法获取连接,90
604,2019-06-03 15:45:03,主机node_29 **** 请求延时大于5分钟,****请求延时大于5分钟,29
605,2019-06-03 15:45:04,主机node_67 FullGC次数：23次（大于阈值：10次）,FullGC次数异常,67
606,2019-06-03 15:45:05,主机node_39 网卡eth0 发送流量持续10分钟平均值大于800M,网卡发送流量过高,39
607,2019-06-03 15:45:06,主机node_61 日志报错:无法获取连接,日志报错:无法获取连接,61
608,2019-06-03 15:45:06,主机node_81 JBOSS 8080端口的连接数大于400,JBOSS8080端口的连接数大于400,81
609,2019-06-03 15:45:08,主机node_65 上CPU Steal Time持续5分钟超过10%,CPUStealTime持续5分钟超过10%,65
610,2019-06-03 15:45:10,主机node_77 网卡eth0 发送流量持续30分钟平均值大于700M,网卡发送流量过高,77
611,2019-06-03 15:45:13,主机node_69 网卡eth0 发送流量持续10分钟平均值大于800M,网卡发送流量过高,69
612,2019-06-03 15:45:13,主机node_29 **** 请求延时大于5分钟,****请求延时大于5分钟,29
613,2019-06-03 15:45:13,主机node_55 日志产生ERROR信息,日志产生ERROR信息,55
614,2019-06-03 15:45:15,主机node_39 网卡eth0 发送流量持续10分钟平均值大于800M,网卡发送流量过高,39
615,2019-06-03 15:45:16,主机node_81 JBOSS 8080端口的连接数大于400,JBOSS8080端口的连接数大于400,81
616,2019-06-03 15:45:17,主机node_95 网卡eth0 接收流量持续10分钟平均值大于300M,网卡接收流量过高,95
617,2019-06-03 15:45:19,主机node_22 网卡eth0 发送流量持续30分钟平均值大于700M,网卡发送流量过高,22
618,2019-06-03 15:45:20,主机node_70 **** 请求延时大于5分钟,****请求延时大于5分钟,70
619,2019-06-03 15:45:22,主机node_32 上I/O等待负载大于50%,I/O等待负载大于50%,32
620,2019-06-03 15:45:23,主机node_23 日志产生ERROR信息,日志产生ERROR信息,23
621,2019-06-03 15:45:24,主机node_67 FullGC次数：23次（大于阈值：10次）,FullGC次数异常,67
622,2019-06-03 15:45:24,主机node_79 端口6060通信异常,端口6060通信异常,79
623,2019-06-03 15:45:25,主机node_39 网卡eth0 发送流量持续10分钟平均值大于800M,网卡发送流量过高,39
624,2019-06-03 15:45:26,主机node_81 JBOSS 8080端口的连接数大于400,JBOSS8080端口的连接数大于400,81
625,2019-06-03 15:45:27,主机node_95 网卡eth0 接收流量持续10分钟平均值大于300M,网卡接收流量过高,95
626,2019-06-03 15:45:28,主机node_50 网卡eth0 接收流量持续10分钟平均值大于300M,网卡接收流量过高,50
627,2019-06-03 15:45:28,主机node_88 上I/O等待负载持续15分钟超过10%,I/O等待负载持续15分钟超过10%,88
628,2019-06-03 15:45:29,主机node_22 网卡eth0 发送流量持续30分钟平均值大于700M,网卡发送流量过高,22
629,2019-06-03 15:45:29,主机node_82 网卡eth0 发送流量持续30分钟平均值大于700M,网卡发送流量过高,82
630,2019-06-03 15:45:30,主机node_45 网卡流量unknown,网卡流量unknown,45
631,2019-06-03 15:45:33,主机node_23 日志产生ERROR信息,日志产生ERROR信息,23
632,2019-06-03 15:45:33,主机node_69 网卡eth0 发送流量持续10分钟平均值大于800M,网卡发送流量过高,69
633,2019-06-03 15:45:33,主机node_29 **** 请求延时大于5分钟,****请求延时大于5分钟,29
634,2019-06-03 15:45:34,主机node_79 端口6060通信异常,端口6060通信异常,79
635,2019-06-03 15:45:35,主机node_94 上I/O等待负载大于50%,I/O等待负载大于50%,94
636,2019-06-03 15:45:35,主机node_72 日志中有No route to host信息,日志中有Noroutetohost信息,72
637,2019-06-03 15:45:36,主机node_61 日志报错:无法获取连接,日志报错:无法获取连接,61
638,2019-06-03 15:45:37,主机node_8 网卡流量unknown,网卡流量unknown,8
639,2019-06-03 15:45:38,主机node_21 网卡流量unknown,网卡流量unknown,21
640,2019-06-03 15:45:39,主机node_82 网卡eth0 发送流量持续30分钟平均值大于700M,网卡发送流量过高,82
641,2019-06-03 15:45:39,主机node_22 网卡eth0 发送流量持续30分钟平均值大于700M,网卡发送流量过高,22
642,2019-06-03 15:45:40,主机node_77 网卡eth0 发送流量持续30分钟平均值大于700M,网卡发送流量过高,77
643,2019-06-03 15:45:40,主机node_45 网卡流量unknown,网卡流量unknown,45
644,2019-06-03 15:45:42,主机node_9 网卡eth0 发送流量持续30分钟平均值大于700M,网卡发送流量过高,9
645,2019-06-03 15:45:43,主机node_29 **** 请求延时大于5分钟,****请求延时大于5分钟,29
646,2019-06-03 15:45:43,主机node_23 日志产生ERROR信息,日志产生ERROR信息,23
647,2019-06-03 15:45:45,主机node_39 网卡eth0 发送流量持续10分钟平均值大于800M,网卡发送流量过高,39
648,2019-06-03 15:45:46,主机node_81 JBOSS 8080端口的连接数大于400,JBOSS8080端口的连接数大于400,81
649,2019-06-03 15:45:47,主机node_95 网卡eth0 接收流量持续10分钟平均值大于300M,网卡接收流量过高,95
650,2019-06-03 15:45:48,主机node_49 sdd IO使用率持续30分钟大于90%,磁盘I/O异常,49
651,2019-06-03 15:45:49,主机node_22 网卡eth0 发送流量持续30分钟平均值大于700M,网卡发送流量过高,22
652,2019-06-03 15:45:52,主机node_32 上I/O等待负载大于50%,I/O等待负载大于50%,32
653,2019-06-03 15:45:52,主机node_9 网卡eth0 发送流量持续30分钟平均值大于700M,网卡发送流量过高,9
654,2019-06-03 15:45:52,主机node_20 堆内存平均使用率：94.61%（大于阈值：90%）,堆内存平均使用率大于阈值,20
655,2019-06-03 15:45:52,主机node_7 ping延迟时间持续3分钟大于100ms,ping延迟时间持续3分钟大于100ms,7
656,2019-06-03 15:45:53,主机node_29 **** 请求延时大于5分钟,****请求延时大于5分钟,29
657,2019-06-03 15:45:53,主机node_55 日志产生ERROR信息,日志产生ERROR信息,55
658,2019-06-03 15:45:54,主机node_67 FullGC次数：23次（大于阈值：10次）,FullGC次数异常,67
659,2019-06-03 15:45:54,主机node_14 ping延迟时间持续3分钟大于100ms,ping延迟时间持续3分钟大于100ms,14
660,2019-06-03 15:45:56,主机node_81 JBOSS 8080端口的连接数大于400,JBOSS8080端口的连接数大于400,81
661,2019-06-03 15:45:56,主机node_61 日志报错:无法获取连接,日志报错:无法获取连接,61
662,2019-06-03 15:45:57,主机node_95 网卡eth0 接收流量持续10分钟平均值大于300M,网卡接收流量过高,95
663,2019-06-03 15:45:58,主机node_88 上I/O等待负载持续15分钟超过10%,I/O等待负载持续15分钟超过10%,88
664,2019-06-03 15:45:58,"主机node_76 空闲CPU为1.52%,持续15分钟小于10%",CPU利用率过高,76
665,2019-06-03 15:45:59,主机node_22 网卡eth0 发送流量持续30分钟平均值大于700M,网卡发送流量过高,22
666,2019-06-03 15:46:00,主机node_70 **** 请求延时大于5分钟,****请求延时大于5分钟,70
667,2019-06-03 15:46:02,主机node_10 网卡eth0 发送流量持续30分钟平均值大于700M,网卡发送流量过高,10
668,2019-06-03 15:46:03,主机node_69 网卡eth0 发送流量持续10分钟平均值大于800M,网卡发送流量过高,69
669,2019-06-03 15:46:03,主机node_29 **** 请求延时大于5分钟,****请求延时大于5分钟,29
670,2019-06-03 15:46:04,主机node_67 FullGC次数：23次（大于阈值：10次）,FullGC次数异常,67
671,2019-06-03 15:46:05,主机node_39 网卡eth0 发送流量持续10分钟平均值大于800M,网卡发送流量过高,39
672,2019-06-03 15:46:05,主机node_72 日志中有No route to host信息,日志中有Noroutetohost信息,72
673,2019-06-03 15:46:06,主机node_97 网卡流量unknown,网卡流量unknown,97
674,2019-06-03 15:46:09,主机node_82 网卡eth0 发送流量持续30分钟平均值大于700M,网卡发送流量过高,82
675,2019-06-03 15:46:10,主机node_77 网卡eth0 发送流量持续30分钟平均值大于700M,网卡发送流量过高,77
676,2019-06-03 15:46:10,主机node_35 网卡eth0 发送流量持续30分钟平均值大于700M,网卡发送流量过高,35
677,2019-06-03 15:46:11,主机node_99 上I/O等待负载持续15分钟超过10%,I/O等待负载持续15分钟超过10%,99
678,2019-06-03 15:46:11,主机node_31 url:http://node_31:80//访问失败,url80//访问失败,31
679,2019-06-03 15:46:12,主机node_20 堆内存平均使用率：94.61%（大于阈值：90%）,堆内存平均使用率大于阈值,20
680,2019-06-03 15:46:13,主机node_29 **** 请求延时大于5分钟,****请求延时大于5分钟,29
681,2019-06-03 15:46:13,主机node_69 网卡eth0 发送流量持续10分钟平均值大于800M,网卡发送流量过高,69
682,2019-06-03 15:46:15,主机node_94 上I/O等待负载大于50%,I/O等待负载大于50%,94
683,2019-06-03 15:46:15,主机node_39 网卡eth0 发送流量持续10分钟平均值大于800M,网卡发送流量过高,39
684,2019-06-03 15:46:16,主机node_81 JBOSS 8080端口的连接数大于400,JBOSS8080端口的连接数大于400,81
685,2019-06-03 15:46:17,主机node_95 网卡eth0 接收流量持续10分钟平均值大于300M,网卡接收流量过高,95
686,2019-06-03 15:46:18,主机node_49 sdd IO使用率持续30分钟大于90%,磁盘I/O异常,49
687,2019-06-03 15:46:19,主机node_82 网卡eth0 发送流量持续30分钟平均值大于700M,网卡发送流量过高,82
688,2019-06-03 15:46:23,主机node_29 **** 请求延时大于5分钟,****请求延时大于5分钟,29
689,2019-06-03 15:46:23,主机node_55 日志产生ERROR信息,日志产生ERROR信息,55
690,2019-06-03 15:46:23,主机node_90 日志报错:无法获取连接,日志报错:无法获取连接,90
691,2019-06-03 15:46:24,主机node_67 FullGC次数：23次（大于阈值：10次）,FullGC次数异常,67
692,2019-06-03 15:46:25,主机node_13 sdd IO使用率持续30分钟大于90%,磁盘I/O异常,13
693,2019-06-03 15:46:25,主机node_72 日志中有No route to host信息,日志中有Noroutetohost信息,72
694,2019-06-03 15:46:26,主机node_97 网卡流量unknown,网卡流量unknown,97
695,2019-06-03 15:46:29,主机node_33 网卡eth0 接收流量持续10分钟平均值大于180M,网卡接收流量过高,33
696,2019-06-03 15:46:29,主机node_82 网卡eth0 发送流量持续30分钟平均值大于700M,网卡发送流量过高,82
697,2019-06-03 15:46:29,主机node_22 网卡eth0 发送流量持续30分钟平均值大于700M,网卡发送流量过高,22
698,2019-06-03 15:46:30,主机node_77 网卡eth0 发送流量持续30分钟平均值大于700M,网卡发送流量过高,77
699,2019-06-03 15:46:30,主机node_35 网卡eth0 发送流量持续30分钟平均值大于700M,网卡发送流量过高,35
700,2019-06-03 15:46:30,主机node_70 **** 请求延时大于5分钟,****请求延时大于5分钟,70
701,2019-06-03 15:46:32,主机node_10 网卡eth0 发送流量持续30分钟平均值大于700M,网卡发送流量过高,10
702,2019-06-03 15:46:33,主机node_69 网卡eth0 发送流量持续10分钟平均值大于800M,网卡发送流量过高,69
703,2019-06-03 15:46:33,主机node_29 **** 请求延时大于5分钟,****请求延时大于5分钟,29
704,2019-06-03 15:46:34,主机node_67 FullGC次数：23次（大于阈值：10次）,FullGC次数异常,67
705,2019-06-03 15:46:35,主机node_94 上I/O等待负载大于50%,I/O等待负载大于50%,94
706,2019-06-03 15:46:37,主机node_17 上I/O等待负载持续15分钟超过10%,I/O等待负载持续15分钟超过10%,17
707,2019-06-03 15:46:37,主机node_16 **application 停止运行,**application停止运行,16
708,2019-06-03 15:46:38,主机node_50 网卡eth0 接收流量持续10分钟平均值大于300M,网卡接收流量过高,50
709,2019-06-03 15:46:39,主机node_22 网卡eth0 发送流量持续30分钟平均值大于700M,网卡发送流量过高,22
710,2019-06-03 15:46:39,主机node_12 硬盘Slot 00状态为Failed,硬盘Slot00状态为Failed,12
711,2019-06-03 15:46:39,主机node_82 网卡eth0 发送流量持续30分钟平均值大于700M,网卡发送流量过高,82
712,2019-06-03 15:46:40,主机node_35 网卡eth0 发送流量持续30分钟平均值大于700M,网卡发送流量过高,35
713,2019-06-03 15:46:44,主机node_67 FullGC次数：23次（大于阈值：10次）,FullGC次数异常,67
714,2019-06-03 15:46:45,主机node_72 日志中有No route to host信息,日志中有Noroutetohost信息,72
715,2019-06-03 15:46:45,主机node_39 网卡eth0 发送流量持续10分钟平均值大于800M,网卡发送流量过高,39
716,2019-06-03 15:46:47,主机node_16 **application 停止运行,**application停止运行,16
717,2019-06-03 15:46:48,主机node_21 网卡流量unknown,网卡流量unknown,21
718,2019-06-03 15:46:49,主机node_33 网卡eth0 接收流量持续10分钟平均值大于180M,网卡接收流量过高,33
719,2019-06-03 15:46:49,主机node_22 网卡eth0 发送流量持续30分钟平均值大于700M,网卡发送流量过高,22
720,2019-06-03 15:46:49,主机node_82 网卡eth0 发送流量持续30分钟平均值大于700M,网卡发送流量过高,82
721,2019-06-03 15:46:52,主机node_9 网卡eth0 发送流量持续30分钟平均值大于700M,网卡发送流量过高,9
722,2019-06-03 15:46:53,主机node_29 **** 请求延时大于5分钟,****请求延时大于5分钟,29
723,2019-06-03 15:46:53,主机node_55 日志产生ERROR信息,日志产生ERROR信息,55
724,2019-06-03 15:46:54,主机node_24 ping丢包率当前值为25%，持续2分钟平均大于20%,ping丢包率当前值为25%，持续2分钟平均大于20%,24
725,2019-06-03 15:46:55,主机node_94 上I/O等待负载大于50%,I/O等待负载大于50%,94
726,2019-06-03 15:46:56,主机node_61 日志报错:无法获取连接,日志报错:无法获取连接,61
727,2019-06-03 15:46:57,主机node_8 网卡流量unknown,网卡流量unknown,8
728,2019-06-03 15:46:58,主机node_54 ping延迟时间持续3分钟大于100ms,ping延迟时间持续3分钟大于100ms,54
729,2019-06-03 15:46:59,主机node_82 网卡eth0 发送流量持续30分钟平均值大于700M,网卡发送流量过高,82
730,2019-06-03 15:47:00,主机node_77 网卡eth0 发送流量持续30分钟平均值大于700M,网卡发送流量过高,77
731,2019-06-03 15:47:00,主机node_71 堆内存平均使用率：94.61%（大于阈值：90%）,堆内存平均使用率大于阈值,71
732,2019-06-03 15:47:03,主机node_69 网卡eth0 发送流量持续10分钟平均值大于800M,网卡发送流量过高,69
733,2019-06-03 15:47:03,主机node_29 **** 请求延时大于5分钟,****请求延时大于5分钟,29
734,2019-06-03 15:47:04,主机node_67 FullGC次数：23次（大于阈值：10次）,FullGC次数异常,67
735,2019-06-03 15:47:05,主机node_72 日志中有No route to host信息,日志中有Noroutetohost信息,72
736,2019-06-03 15:47:05,主机node_39 网卡eth0 发送流量持续10分钟平均值大于800M,网卡发送流量过高,39
737,2019-06-03 15:47:06,主机node_97 网卡流量unknown,网卡流量unknown,97
738,2019-06-03 15:47:07,主机node_8 网卡流量unknown,网卡流量unknown,8
739,2019-06-03 15:47:07,主机node_95 网卡eth0 接收流量持续10分钟平均值大于300M,网卡接收流量过高,95
740,2019-06-03 15:47:08,主机node_49 sdd IO使用率持续30分钟大于90%,磁盘I/O异常,49
741,2019-06-03 15:47:08,主机node_54 ping延迟时间持续3分钟大于100ms,ping延迟时间持续3分钟大于100ms,54
742,2019-06-03 15:47:09,主机node_22 网卡eth0 发送流量持续30分钟平均值大于700M,网卡发送流量过高,22
743,2019-06-03 15:47:09,主机node_82 网卡eth0 发送流量持续30分钟平均值大于700M,网卡发送流量过高,82
744,2019-06-03 15:47:09,主机node_33 网卡eth0 接收流量持续10分钟平均值大于180M,网卡接收流量过高,33
745,2019-06-03 15:47:09,主机node_3 Nginx 80端口的连接数大于2000,Nginx80端口的连接数大于2000,3
746,2019-06-03 15:47:10,主机node_35 网卡eth0 发送流量持续30分钟平均值大于700M,网卡发送流量过高,35
747,2019-06-03 15:47:10,主机node_77 网卡eth0 发送流量持续30分钟平均值大于700M,网卡发送流量过高,77
748,2019-06-03 15:47:12,主机node_10 网卡eth0 发送流量持续30分钟平均值大于700M,网卡发送流量过高,10
749,2019-06-03 15:47:12,主机node_20 堆内存平均使用率：94.61%（大于阈值：90%）,堆内存平均使用率大于阈值,20
750,2019-06-03 15:47:13,主机node_69 网卡eth0 发送流量持续10分钟平均值大于800M,网卡发送流量过高,69
751,2019-06-03 15:47:14,主机node_67 FullGC次数：23次（大于阈值：10次）,FullGC次数异常,67
752,2019-06-03 15:47:15,主机node_39 网卡eth0 发送流量持续10分钟平均值大于800M,网卡发送流量过高,39
753,2019-06-03 15:47:17,主机node_8 网卡流量unknown,网卡流量unknown,8
754,2019-06-03 15:47:17,主机node_95 网卡eth0 接收流量持续10分钟平均值大于300M,网卡接收流量过高,95
755,2019-06-03 15:47:18,"主机node_76 空闲CPU为1.52%,持续15分钟小于10%",CPU利用率过高,76
756,2019-06-03 15:47:19,主机node_82 网卡eth0 发送流量持续30分钟平均值大于700M,网卡发送流量过高,82
757,2019-06-03 15:47:19,主机node_33 网卡eth0 接收流量持续10分钟平均值大于180M,网卡接收流量过高,33
758,2019-06-03 15:47:19,主机node_3 Nginx 80端口的连接数大于2000,Nginx80端口的连接数大于2000,3
759,2019-06-03 15:47:20,主机node_71 堆内存平均使用率：94.61%（大于阈值：90%）,堆内存平均使用率大于阈值,71
760,2019-06-03 15:47:20,主机node_70 **** 请求延时大于5分钟,****请求延时大于5分钟,70
761,2019-06-03 15:47:21,主机node_44 Nginx 80端口的连接数大于2000,Nginx80端口的连接数大于2000,44
762,2019-06-03 15:47:23,主机node_29 **** 请求延时大于5分钟,****请求延时大于5分钟,29
763,2019-06-03 15:47:23,主机node_69 网卡eth0 发送流量持续10分钟平均值大于800M,网卡发送流量过高,69
764,2019-06-03 15:47:24,主机node_14 ping延迟时间持续3分钟大于100ms,ping延迟时间持续3分钟大于100ms,14
765,2019-06-03 15:47:25,主机node_94 上I/O等待负载大于50%,I/O等待负载大于50%,94
766,2019-06-03 15:47:26,主机node_97 网卡流量unknown,网卡流量unknown,97
767,2019-06-03 15:47:27,主机node_95 网卡eth0 接收流量持续10分钟平均值大于300M,网卡接收流量过高,95
768,2019-06-03 15:47:29,主机node_22 网卡eth0 发送流量持续30分钟平均值大于700M,网卡发送流量过高,22
769,2019-06-03 15:47:30,主机node_70 **** 请求延时大于5分钟,****请求延时大于5分钟,70
770,2019-06-03 15:47:32,主机node_9 网卡eth0 发送流量持续30分钟平均值大于700M,网卡发送流量过高,9
771,2019-06-03 15:47:32,主机node_20 堆内存平均使用率：94.61%（大于阈值：90%）,堆内存平均使用率大于阈值,20
772,2019-06-03 15:47:34,主机node_14 ping延迟时间持续3分钟大于100ms,ping延迟时间持续3分钟大于100ms,14
773,2019-06-03 15:47:37,主机node_95 网卡eth0 接收流量持续10分钟平均值大于300M,网卡接收流量过高,95
774,2019-06-03 15:47:38,主机node_50 网卡eth0 接收流量持续10分钟平均值大于300M,网卡接收流量过高,50
775,2019-06-03 15:47:38,"主机node_76 空闲CPU为1.52%,持续15分钟小于10%",CPU利用率过高,76
776,2019-06-03 15:47:39,主机node_82 网卡eth0 发送流量持续30分钟平均值大于700M,网卡发送流量过高,82
777,2019-06-03 15:47:39,主机node_12 硬盘Slot 00状态为Failed,硬盘Slot00状态为Failed,12
778,2019-06-03 15:47:40,主机node_77 网卡eth0 发送流量持续30分钟平均值大于700M,网卡发送流量过高,77
779,2019-06-03 15:47:40,主机node_45 网卡流量unknown,网卡流量unknown,45
780,2019-06-03 15:47:42,主机node_9 网卡eth0 发送流量持续30分钟平均值大于700M,网卡发送流量过高,9
781,2019-06-03 15:47:43,主机node_69 网卡eth0 发送流量持续10分钟平均值大于800M,网卡发送流量过高,69
782,2019-06-03 15:47:44,主机node_67 FullGC次数：23次（大于阈值：10次）,FullGC次数异常,67
783,2019-06-03 15:47:48,主机node_37 日志中有No route to host信息,日志中有Noroutetohost信息,37
784,2019-06-03 15:47:48,主机node_88 上I/O等待负载持续15分钟超过10%,I/O等待负载持续15分钟超过10%,88
785,2019-06-03 15:47:49,主机node_82 网卡eth0 发送流量持续30分钟平均值大于700M,网卡发送流量过高,82
786,2019-06-03 15:47:49,主机node_22 网卡eth0 发送流量持续30分钟平均值大于700M,网卡发送流量过高,22
787,2019-06-03 15:47:50,主机node_70 **** 请求延时大于5分钟,****请求延时大于5分钟,70
788,2019-06-03 15:47:52,主机node_9 网卡eth0 发送流量持续30分钟平均值大于700M,网卡发送流量过高,9
789,2019-06-03 15:47:53,主机node_29 **** 请求延时大于5分钟,****请求延时大于5分钟,29
790,2019-06-03 15:47:54,主机node_67 FullGC次数：23次（大于阈值：10次）,FullGC次数异常,67
791,2019-06-03 15:47:55,主机node_39 网卡eth0 发送流量持续10分钟平均值大于800M,网卡发送流量过高,39
792,2019-06-03 15:47:55,主机node_94 上I/O等待负载大于50%,I/O等待负载大于50%,94
793,2019-06-03 15:47:56,主机node_61 日志报错:无法获取连接,日志报错:无法获取连接,61
794,2019-06-03 15:47:57,主机node_95 网卡eth0 接收流量持续10分钟平均值大于300M,网卡接收流量过高,95
795,2019-06-03 15:47:59,主机node_3 Nginx 80端口的连接数大于2000,Nginx80端口的连接数大于2000,3
796,2019-06-03 15:47:59,主机node_82 网卡eth0 发送流量持续30分钟平均值大于700M,网卡发送流量过高,82
797,2019-06-03 15:48:00,主机node_70 **** 请求延时大于5分钟,****请求延时大于5分钟,70
798,2019-06-03 15:48:02,主机node_9 网卡eth0 发送流量持续30分钟平均值大于700M,网卡发送流量过高,9
799,2019-06-03 15:48:03,主机node_69 网卡eth0 发送流量持续10分钟平均值大于800M,网卡发送流量过高,69
800,2019-06-03 15:48:03,主机node_29 **** 请求延时大于5分钟,****请求延时大于5分钟,29
801,2019-06-03 15:48:05,主机node_39 网卡eth0 发送流量持续10分钟平均值大于800M,网卡发送流量过高,39
802,2019-06-03 15:48:05,主机node_47 日志报错:无法获取连接,日志报错:无法获取连接,47
803,2019-06-03 15:48:05,主机node_94 上I/O等待负载大于50%,I/O等待负载大于50%,94
804,2019-06-03 15:48:07,主机node_95 网卡eth0 接收流量持续10分钟平均值大于300M,网卡接收流量过高,95
805,2019-06-03 15:48:09,主机node_3 Nginx 80端口的连接数大于2000,Nginx80端口的连接数大于2000,3
806,2019-06-03 15:48:09,主机node_22 网卡eth0 发送流量持续30分钟平均值大于700M,网卡发送流量过高,22
807,2019-06-03 15:48:12,主机node_9 网卡eth0 发送流量持续30分钟平均值大于700M,网卡发送流量过高,9
808,2019-06-03 15:48:12,主机node_7 ping延迟时间持续3分钟大于100ms,ping延迟时间持续3分钟大于100ms,7
809,2019-06-03 15:48:13,主机node_55 日志产生ERROR信息,日志产生ERROR信息,55
810,2019-06-03 15:48:13,主机node_69 网卡eth0 发送流量持续10分钟平均值大于800M,网卡发送流量过高,69
811,2019-06-03 15:48:13,主机node_29 **** 请求延时大于5分钟,****请求延时大于5分钟,29
812,2019-06-03 15:48:14,主机node_79 端口6060通信异常,端口6060通信异常,79
813,2019-06-03 15:48:14,主机node_67 FullGC次数：23次（大于阈值：10次）,FullGC次数异常,67
814,2019-06-03 15:48:15,主机node_39 网卡eth0 发送流量持续10分钟平均值大于800M,网卡发送流量过高,39
815,2019-06-03 15:48:19,主机node_82 网卡eth0 发送流量持续30分钟平均值大于700M,网卡发送流量过高,82
816,2019-06-03 15:48:20,主机node_70 **** 请求延时大于5分钟,****请求延时大于5分钟,70
817,2019-06-03 15:48:20,主机node_77 网卡eth0 发送流量持续30分钟平均值大于700M,网卡发送流量过高,77
818,2019-06-03 15:48:20,主机node_45 网卡流量unknown,网卡流量unknown,45
819,2019-06-03 15:48:22,主机node_9 网卡eth0 发送流量持续30分钟平均值大于700M,网卡发送流量过高,9
820,2019-06-03 15:48:23,主机node_29 **** 请求延时大于5分钟,****请求延时大于5分钟,29
821,2019-06-03 15:48:24,主机node_67 FullGC次数：23次（大于阈值：10次）,FullGC次数异常,67
822,2019-06-03 15:48:25,主机node_72 日志中有No route to host信息,日志中有Noroutetohost信息,72
823,2019-06-03 15:48:28,主机node_54 ping延迟时间持续3分钟大于100ms,ping延迟时间持续3分钟大于100ms,54
824,2019-06-03 15:48:29,主机node_33 网卡eth0 接收流量持续10分钟平均值大于180M,网卡接收流量过高,33
825,2019-06-03 15:48:30,主机node_70 **** 请求延时大于5分钟,****请求延时大于5分钟,70
826,2019-06-03 15:48:30,主机node_45 网卡流量unknown,网卡流量unknown,45
827,2019-06-03 15:48:32,主机node_32 上I/O等待负载大于50%,I/O等待负载大于50%,32
828,2019-06-03 15:48:33,主机node_69 网卡eth0 发送流量持续10分钟平均值大于800M,网卡发送流量过高,69
829,2019-06-03 15:48:33,主机node_29 **** 请求延时大于5分钟,****请求延时大于5分钟,29
830,2019-06-03 15:48:33,主机node_90 日志报错:无法获取连接,日志报错:无法获取连接,90
831,2019-06-03 15:48:34,主机node_79 端口6060通信异常,端口6060通信异常,79
832,2019-06-03 15:48:35,主机node_94 上I/O等待负载大于50%,I/O等待负载大于50%,94
833,2019-06-03 15:48:36,主机node_81 JBOSS 8080端口的连接数大于400,JBOSS8080端口的连接数大于400,81
834,2019-06-03 15:48:37,主机node_16 **application 停止运行,**application停止运行,16
835,2019-06-03 15:48:37,主机node_43 sdd IO使用率持续30分钟大于90%,磁盘I/O异常,43
836,2019-06-03 15:48:37,主机node_95 网卡eth0 接收流量持续10分钟平均值大于300M,网卡接收流量过高,95
837,2019-06-03 15:48:37,主机node_8 网卡流量unknown,网卡流量unknown,8
838,2019-06-03 15:48:38,主机node_1 空闲交换空间小于50%,空闲交换空间小于50%,1
839,2019-06-03 15:48:39,主机node_82 网卡eth0 发送流量持续30分钟平均值大于700M,网卡发送流量过高,82
840,2019-06-03 15:48:39,主机node_22 网卡eth0 发送流量持续30分钟平均值大于700M,网卡发送流量过高,22
841,2019-06-03 15:48:39,主机node_3 Nginx 80端口的连接数大于2000,Nginx80端口的连接数大于2000,3
842,2019-06-03 15:48:41,主机node_99 上I/O等待负载持续15分钟超过10%,I/O等待负载持续15分钟超过10%,99
843,2019-06-03 15:48:42,主机node_20 堆内存平均使用率：94.61%（大于阈值：90%）,堆内存平均使用率大于阈值,20
844,2019-06-03 15:48:43,主机node_29 **** 请求延时大于5分钟,****请求延时大于5分钟,29
845,2019-06-03 15:48:43,主机node_23 日志产生ERROR信息,日志产生ERROR信息,23
846,2019-06-03 15:48:43,主机node_69 网卡eth0 发送流量持续10分钟平均值大于800M,网卡发送流量过高,69
847,2019-06-03 15:48:44,主机node_79 端口6060通信异常,端口6060通信异常,79
848,2019-06-03 15:48:44,主机node_67 FullGC次数：23次（大于阈值：10次）,FullGC次数异常,67
849,2019-06-03 15:48:45,主机node_39 网卡eth0 发送流量持续10分钟平均值大于800M,网卡发送流量过高,39
850,2019-06-03 15:48:46,主机node_81 JBOSS 8080端口的连接数大于400,JBOSS8080端口的连接数大于400,81
851,2019-06-03 15:48:47,主机node_95 网卡eth0 接收流量持续10分钟平均值大于300M,网卡接收流量过高,95
852,2019-06-03 15:48:47,主机node_8 网卡流量unknown,网卡流量unknown,8
853,2019-06-03 15:48:48,主机node_54 ping延迟时间持续3分钟大于100ms,ping延迟时间持续3分钟大于100ms,54
854,2019-06-03 15:48:49,主机node_22 网卡eth0 发送流量持续30分钟平均值大于700M,网卡发送流量过高,22
855,2019-06-03 15:48:50,主机node_77 网卡eth0 发送流量持续30分钟平均值大于700M,网卡发送流量过高,77
856,2019-06-03 15:48:52,主机node_7 ping延迟时间持续3分钟大于100ms,ping延迟时间持续3分钟大于100ms,7
857,2019-06-03 15:48:52,主机node_10 网卡eth0 发送流量持续30分钟平均值大于700M,网卡发送流量过高,10
858,2019-06-03 15:48:53,主机node_69 网卡eth0 发送流量持续10分钟平均值大于800M,网卡发送流量过高,69
859,2019-06-03 15:48:53,主机node_29 **** 请求延时大于5分钟,****请求延时大于5分钟,29
860,2019-06-03 15:48:55,主机node_39 网卡eth0 发送流量持续10分钟平均值大于800M,网卡发送流量过高,39
861,2019-06-03 15:48:56,主机node_61 日志报错:无法获取连接,日志报错:无法获取连接,61
862,2019-06-03 15:48:56,主机node_81 JBOSS 8080端口的连接数大于400,JBOSS8080端口的连接数大于400,81
863,2019-06-03 15:48:57,主机node_95 网卡eth0 接收流量持续10分钟平均值大于300M,网卡接收流量过高,95
864,2019-06-03 15:48:57,主机node_8 网卡流量unknown,网卡流量unknown,8
865,2019-06-03 15:48:57,主机node_17 上I/O等待负载持续15分钟超过10%,I/O等待负载持续15分钟超过10%,17
866,2019-06-03 15:48:58,主机node_50 网卡eth0 接收流量持续10分钟平均值大于300M,网卡接收流量过高,50
867,2019-06-03 15:48:59,主机node_3 Nginx 80端口的连接数大于2000,Nginx80端口的连接数大于2000,3
868,2019-06-03 15:48:59,主机node_12 硬盘Slot 00状态为Failed,硬盘Slot00状态为Failed,12
869,2019-06-03 15:48:59,主机node_22 网卡eth0 发送流量持续30分钟平均值大于700M,网卡发送流量过高,22
870,2019-06-03 15:49:02,主机node_7 ping延迟时间持续3分钟大于100ms,ping延迟时间持续3分钟大于100ms,7
871,2019-06-03 15:49:02,主机node_9 网卡eth0 发送流量持续30分钟平均值大于700M,网卡发送流量过高,9
872,2019-06-03 15:49:03,主机node_29 **** 请求延时大于5分钟,****请求延时大于5分钟,29
873,2019-06-03 15:49:03,主机node_69 网卡eth0 发送流量持续10分钟平均值大于800M,网卡发送流量过高,69
874,2019-06-03 15:49:04,主机node_79 端口6060通信异常,端口6060通信异常,79
875,2019-06-03 15:49:04,主机node_67 FullGC次数：23次（大于阈值：10次）,FullGC次数异常,67
876,2019-06-03 15:49:05,主机node_72 日志中有No route to host信息,日志中有Noroutetohost信息,72
877,2019-06-03 15:49:05,主机node_39 网卡eth0 发送流量持续10分钟平均值大于800M,网卡发送流量过高,39
878,2019-06-03 15:49:05,主机node_94 上I/O等待负载大于50%,I/O等待负载大于50%,94
879,2019-06-03 15:49:08,主机node_49 sdd IO使用率持续30分钟大于90%,磁盘I/O异常,49
880,2019-06-03 15:49:09,主机node_22 网卡eth0 发送流量持续30分钟平均值大于700M,网卡发送流量过高,22
881,2019-06-03 15:49:09,主机node_12 硬盘Slot 00状态为Failed,硬盘Slot00状态为Failed,12
882,2019-06-03 15:49:10,主机node_71 堆内存平均使用率：94.61%（大于阈值：90%）,堆内存平均使用率大于阈值,71
883,2019-06-03 15:49:11,主机node_99 上I/O等待负载持续15分钟超过10%,I/O等待负载持续15分钟超过10%,99
884,2019-06-03 15:49:12,主机node_9 网卡eth0 发送流量持续30分钟平均值大于700M,网卡发送流量过高,9
885,2019-06-03 15:49:13,主机node_23 日志产生ERROR信息,日志产生ERROR信息,23
886,2019-06-03 15:49:13,主机node_29 **** 请求延时大于5分钟,****请求延时大于5分钟,29
887,2019-06-03 15:49:14,主机node_67 FullGC次数：23次（大于阈值：10次）,FullGC次数异常,67
888,2019-06-03 15:49:15,主机node_94 上I/O等待负载大于50%,I/O等待负载大于50%,94
889,2019-06-03 15:49:18,主机node_21 网卡流量unknown,网卡流量unknown,21
890,2019-06-03 15:49:18,主机node_50 网卡eth0 接收流量持续10分钟平均值大于300M,网卡接收流量过高,50
891,2019-06-03 15:49:18,"主机node_76 空闲CPU为1.52%,持续15分钟小于10%",CPU利用率过高,76
892,2019-06-03 15:49:19,主机node_33 网卡eth0 接收流量持续10分钟平均值大于180M,网卡接收流量过高,33
893,2019-06-03 15:49:20,主机node_70 **** 请求延时大于5分钟,****请求延时大于5分钟,70
894,2019-06-03 15:49:20,主机node_35 网卡eth0 发送流量持续30分钟平均值大于700M,网卡发送流量过高,35
895,2019-06-03 15:49:22,主机node_32 上I/O等待负载大于50%,I/O等待负载大于50%,32
896,2019-06-03 15:49:22,主机node_9 网卡eth0 发送流量持续30分钟平均值大于700M,网卡发送流量过高,9
897,2019-06-03 15:49:23,主机node_69 网卡eth0 发送流量持续10分钟平均值大于800M,网卡发送流量过高,69
898,2019-06-03 15:49:23,主机node_29 **** 请求延时大于5分钟,****请求延时大于5分钟,29
899,2019-06-03 15:49:24,主机node_67 FullGC次数：23次（大于阈值：10次）,FullGC次数异常,67
900,2019-06-03 15:49:25,主机node_13 sdd IO使用率持续30分钟大于90%,磁盘I/O异常,13
901,2019-06-03 15:49:29,主机node_3 Nginx 80端口的连接数大于2000,Nginx80端口的连接数大于2000,3
902,2019-06-03 15:49:29,主机node_82 网卡eth0 发送流量持续30分钟平均值大于700M,网卡发送流量过高,82
903,2019-06-03 15:49:30,主机node_70 **** 请求延时大于5分钟,****请求延时大于5分钟,70
904,2019-06-03 15:49:30,主机node_77 网卡eth0 发送流量持续30分钟平均值大于700M,网卡发送流量过高,77
905,2019-06-03 15:49:31,主机node_99 上I/O等待负载持续15分钟超过10%,I/O等待负载持续15分钟超过10%,99
906,2019-06-03 15:49:32,主机node_32 上I/O等待负载大于50%,I/O等待负载大于50%,32
907,2019-06-03 15:49:33,主机node_29 **** 请求延时大于5分钟,****请求延时大于5分钟,29
908,2019-06-03 15:49:34,主机node_67 FullGC次数：23次（大于阈值：10次）,FullGC次数异常,67
909,2019-06-03 15:49:35,主机node_39 网卡eth0 发送流量持续10分钟平均值大于800M,网卡发送流量过高,39
910,2019-06-03 15:49:38,主机node_88 上I/O等待负载持续15分钟超过10%,I/O等待负载持续15分钟超过10%,88
911,2019-06-03 15:49:40,主机node_77 网卡eth0 发送流量持续30分钟平均值大于700M,网卡发送流量过高,77
912,2019-06-03 15:49:40,主机node_70 **** 请求延时大于5分钟,****请求延时大于5分钟,70
913,2019-06-03 15:49:41,主机node_31 url:http://node_31:80//访问失败,url80//访问失败,31
914,2019-06-03 15:49:42,主机node_9 网卡eth0 发送流量持续30分钟平均值大于700M,网卡发送流量过高,9
915,2019-06-03 15:49:42,主机node_32 上I/O等待负载大于50%,I/O等待负载大于50%,32
916,2019-06-03 15:49:43,主机node_69 网卡eth0 发送流量持续10分钟平均值大于800M,网卡发送流量过高,69
917,2019-06-03 15:49:45,主机node_72 日志中有No route to host信息,日志中有Noroutetohost信息,72
918,2019-06-03 15:49:48,主机node_88 上I/O等待负载持续15分钟超过10%,I/O等待负载持续15分钟超过10%,88
919,2019-06-03 15:49:49,主机node_33 网卡eth0 接收流量持续10分钟平均值大于180M,网卡接收流量过高,33
920,2019-06-03 15:49:49,主机node_22 网卡eth0 发送流量持续30分钟平均值大于700M,网卡发送流量过高,22
921,2019-06-03 15:49:49,主机node_82 网卡eth0 发送流量持续30分钟平均值大于700M,网卡发送流量过高,82
922,2019-06-03 15:49:50,主机node_70 **** 请求延时大于5分钟,****请求延时大于5分钟,70
923,2019-06-03 15:49:52,主机node_9 网卡eth0 发送流量持续30分钟平均值大于700M,网卡发送流量过高,9
924,2019-06-03 15:49:53,主机node_55 日志产生ERROR信息,日志产生ERROR信息,55
925,2019-06-03 15:49:53,主机node_90 日志报错:无法获取连接,日志报错:无法获取连接,90
926,2019-06-03 15:49:53,主机node_69 网卡eth0 发送流量持续10分钟平均值大于800M,网卡发送流量过高,69
927,2019-06-03 15:49:54,主机node_79 端口6060通信异常,端口6060通信异常,79
928,2019-06-03 15:49:55,主机node_94 上I/O等待负载大于50%,I/O等待负载大于50%,94
929,2019-06-03 15:49:55,主机node_13 sdd IO使用率持续30分钟大于90%,磁盘I/O异常,13
930,2019-06-03 15:49:57,主机node_16 **application 停止运行,**application停止运行,16
931,2019-06-03 15:49:57,主机node_95 网卡eth0 接收流量持续10分钟平均值大于300M,网卡接收流量过高,95
932,2019-06-03 15:49:58,主机node_65 上CPU Steal Time持续5分钟超过10%,CPUStealTime持续5分钟超过10%,65
933,2019-06-03 15:49:59,主机node_82 网卡eth0 发送流量持续30分钟平均值大于700M,网卡发送流量过高,82
934,2019-06-03 15:50:01,主机node_31 url:http://node_31:80//访问失败,url80//访问失败,31
935,2019-06-03 15:50:03,主机node_69 网卡eth0 发送流量持续10分钟平均值大于800M,网卡发送流量过高,69
936,2019-06-03 15:50:04,主机node_67 FullGC次数：23次（大于阈值：10次）,FullGC次数异常,67
937,2019-06-03 15:50:06,主机node_61 日志报错:无法获取连接,日志报错:无法获取连接,61
938,2019-06-03 15:50:07,主机node_17 上I/O等待负载持续15分钟超过10%,I/O等待负载持续15分钟超过10%,17
939,2019-06-03 15:50:08,"主机node_76 空闲CPU为1.52%,持续15分钟小于10%",CPU利用率过高,76
940,2019-06-03 15:50:08,主机node_65 上CPU Steal Time持续5分钟超过10%,CPUStealTime持续5分钟超过10%,65
941,2019-06-03 15:50:09,主机node_33 网卡eth0 接收流量持续10分钟平均值大于180M,网卡接收流量过高,33
942,2019-06-03 15:50:10,主机node_45 网卡流量unknown,网卡流量unknown,45
943,2019-06-03 15:50:10,主机node_71 堆内存平均使用率：94.61%（大于阈值：90%）,堆内存平均使用率大于阈值,71
944,2019-06-03 15:50:13,主机node_69 网卡eth0 发送流量持续10分钟平均值大于800M,网卡发送流量过高,69
945,2019-06-03 15:50:13,主机node_90 日志报错:无法获取连接,日志报错:无法获取连接,90
946,2019-06-03 15:50:14,主机node_67 FullGC次数：23次（大于阈值：10次）,FullGC次数异常,67
947,2019-06-03 15:50:16,主机node_97 网卡流量unknown,网卡流量unknown,97
948,2019-06-03 15:50:18,主机node_1 空闲交换空间小于50%,空闲交换空间小于50%,1
949,2019-06-03 15:50:18,主机node_49 sdd IO使用率持续30分钟大于90%,磁盘I/O异常,49
950,2019-06-03 15:50:19,主机node_22 网卡eth0 发送流量持续30分钟平均值大于700M,网卡发送流量过高,22
951,2019-06-03 15:50:21,主机node_44 Nginx 80端口的连接数大于2000,Nginx80端口的连接数大于2000,44
952,2019-06-03 15:50:23,主机node_29 **** 请求延时大于5分钟,****请求延时大于5分钟,29
953,2019-06-03 15:50:23,主机node_69 网卡eth0 发送流量持续10分钟平均值大于800M,网卡发送流量过高,69
954,2019-06-03 15:50:25,主机node_47 日志报错:无法获取连接,日志报错:无法获取连接,47
955,2019-06-03 15:50:25,主机node_39 网卡eth0 发送流量持续10分钟平均值大于800M,网卡发送流量过高,39
956,2019-06-03 15:50:26,主机node_61 日志报错:无法获取连接,日志报错:无法获取连接,61
957,2019-06-03 15:50:27,主机node_8 网卡流量unknown,网卡流量unknown,8
958,2019-06-03 15:50:27,主机node_95 网卡eth0 接收流量持续10分钟平均值大于300M,网卡接收流量过高,95
959,2019-06-03 15:50:29,主机node_3 Nginx 80端口的连接数大于2000,Nginx80端口的连接数大于2000,3
960,2019-06-03 15:50:29,主机node_82 网卡eth0 发送流量持续30分钟平均值大于700M,网卡发送流量过高,82
961,2019-06-03 15:50:30,主机node_70 **** 请求延时大于5分钟,****请求延时大于5分钟,70
962,2019-06-03 15:50:30,主机node_71 堆内存平均使用率：94.61%（大于阈值：90%）,堆内存平均使用率大于阈值,71
963,2019-06-03 15:50:30,主机node_77 网卡eth0 发送流量持续30分钟平均值大于700M,网卡发送流量过高,77
964,2019-06-03 15:50:32,主机node_10 网卡eth0 发送流量持续30分钟平均值大于700M,网卡发送流量过高,10
965,2019-06-03 15:50:33,主机node_69 网卡eth0 发送流量持续10分钟平均值大于800M,网卡发送流量过高,69
966,2019-06-03 15:50:33,主机node_55 日志产生ERROR信息,日志产生ERROR信息,55
967,2019-06-03 15:50:34,主机node_67 FullGC次数：23次（大于阈值：10次）,FullGC次数异常,67
968,2019-06-03 15:50:35,主机node_72 日志中有No route to host信息,日志中有Noroutetohost信息,72
