,sysEname,time,is_root,trigger,node
0,SYS_1,2019-06-21 12:36:31,0,I/O等待负载持续15分钟超过10%,node_73
1,SYS_1,2019-06-21 12:36:32,0,日志中有Noroutetohost信息,node_50
2,SYS_2,2019-06-21 12:36:33,0,日志中有Noroutetohost信息,node_21
3,SYS_6,2019-06-21 12:36:33,0,"ping丢包率100%,服务器宕机",node_1
4,SYS_5,2019-06-21 12:36:33,0,**application停止运行,node_38
5,SYS_1,2019-06-21 12:36:34,0,网卡接收流量过高,node_50
6,SYS_8,2019-06-21 12:36:34,0,堆内存平均使用率大于阈值,node_95
7,SYS_8,2019-06-21 12:36:34,0,堆内存平均使用率大于阈值,node_79
8,SYS_8,2019-06-21 12:36:34,0,JBOSS8080端口的连接数大于400,node_87
9,SYS_4,2019-06-21 12:36:36,0,Nginx80端口的连接数大于2000,node_5
10,SYS_2,2019-06-21 12:36:36,0,端口6060通信异常,node_7
11,SYS_2,2019-06-21 12:36:40,0,CPU利用率过高,node_18
12,SYS_10,2019-06-21 12:36:42,0,Nginx80端口的连接数大于2000,node_96
13,SYS_4,2019-06-21 12:36:42,0,日志中有Noroutetohost信息,node_81
14,SYS_1,2019-06-21 12:36:43,1,日志中有OutOfMemoryError信息,node_93
15,SYS_10,2019-06-21 12:36:47,0,I/O等待负载持续15分钟超过10%,node_42
16,SYS_2,2019-06-21 12:36:48,0,网卡接收流量过高,node_99
17,SYS_1,2019-06-21 12:36:49,0,日志产生ERROR信息,node_15
18,SYS_1,2019-06-21 12:36:53,1,日志中有OutOfMemoryError信息,node_93
19,SYS_5,2019-06-21 12:36:53,0,端口80通信异常,node_74
20,SYS_8,2019-06-21 12:36:54,0,堆内存平均使用率大于阈值,node_95
21,SYS_3,2019-06-21 12:36:55,0,空闲交换空间小于50%,node_86
22,SYS_2,2019-06-21 12:36:55,0,网卡接收流量过高,node_37
23,SYS_6,2019-06-21 12:36:56,0,****请求延时大于5分钟,node_35
24,SYS_3,2019-06-21 12:36:57,0,****请求延时大于5分钟,node_39
25,SYS_7,2019-06-21 12:36:57,0,网卡发送流量过高,node_51
26,SYS_8,2019-06-21 12:36:58,0,端口80通信异常,node_71
27,SYS_2,2019-06-21 12:37:00,0,CPU利用率过高,node_18
28,SYS_1,2019-06-21 12:37:03,1,日志中有OutOfMemoryError信息,node_93
29,SYS_8,2019-06-21 12:37:04,0,堆内存平均使用率大于阈值,node_79
30,SYS_5,2019-06-21 12:37:04,0,**application停止运行,node_2
31,SYS_9,2019-06-21 12:37:05,0,网卡发送流量过高,node_44
32,SYS_3,2019-06-21 12:37:05,0,空闲交换空间小于50%,node_86
33,SYS_4,2019-06-21 12:37:06,0,Nginx80端口的连接数大于2000,node_5
34,SYS_6,2019-06-21 12:37:07,0,"ping丢包率100%,服务器宕机",node_56
35,SYS_2,2019-06-21 12:37:09,0,分区剩余空间小于阀值10%,node_45
36,SYS_2,2019-06-21 12:37:10,0,CPU利用率过高,node_18
37,SYS_10,2019-06-21 12:37:12,0,Nginx80端口的连接数大于2000,node_96
38,SYS_1,2019-06-21 12:37:13,1,日志中有OutOfMemoryError信息,node_93
39,SYS_4,2019-06-21 12:37:14,0,磁盘I/O异常,node_77
40,SYS_8,2019-06-21 12:37:15,0,FullGC次数异常,node_49
41,SYS_1,2019-06-21 12:37:15,0,I/O等待负载持续15分钟超过10%,node_0
42,SYS_1,2019-06-21 12:37:15,0,CPU利用率过高,node_58
43,SYS_1,2019-06-21 12:37:15,0,I/O等待负载持续15分钟超过10%,node_50
44,SYS_4,2019-06-21 12:37:16,0,Nginx80端口的连接数大于2000,node_5
45,SYS_6,2019-06-21 12:37:16,0,url80//访问失败,node_32
46,SYS_6,2019-06-21 12:37:17,0,"ping丢包率100%,服务器宕机",node_56
47,SYS_2,2019-06-21 12:37:18,0,网卡接收流量过高,node_99
48,SYS_2,2019-06-21 12:37:19,0,日志中有OutOfMemoryError信息,node_30
49,SYS_1,2019-06-21 12:37:20,0,CPUStealTime持续5分钟超过10%,node_33
50,SYS_1,2019-06-21 12:37:20,0,CPUStealTime持续5分钟超过10%,node_4
51,SYS_2,2019-06-21 12:37:20,0,CPU利用率过高,node_18
52,SYS_1,2019-06-21 12:37:20,0,CPUStealTime持续5分钟超过10%,node_83
53,SYS_1,2019-06-21 12:37:20,0,I/O等待负载持续15分钟超过10%,node_17
54,SYS_8,2019-06-21 12:37:21,0,HTTP:http慢响应,node_88
55,SYS_4,2019-06-21 12:37:22,0,日志中有Noroutetohost信息,node_81
56,SYS_10,2019-06-21 12:37:22,0,ping丢包率当前值为25%，持续2分钟平均大于20%,node_52
57,SYS_1,2019-06-21 12:37:25,0,I/O等待负载持续15分钟超过10%,node_50
58,SYS_1,2019-06-21 12:37:25,0,CPU利用率过高,node_58
59,SYS_1,2019-06-21 12:37:25,0,I/O等待负载持续15分钟超过10%,node_0
60,SYS_5,2019-06-21 12:37:26,0,网卡接收流量过高,node_76
61,SYS_5,2019-06-21 12:37:26,0,CPUStealTime持续5分钟超过10%,node_26
62,SYS_10,2019-06-21 12:37:27,0,I/O等待负载持续15分钟超过10%,node_42
63,SYS_9,2019-06-21 12:37:29,0,url80//访问失败,node_80
64,SYS_10,2019-06-21 12:37:30,0,网卡接收流量过高,node_40
65,SYS_1,2019-06-21 12:37:30,0,CPUStealTime持续5分钟超过10%,node_4
66,SYS_1,2019-06-21 12:37:30,0,CPUStealTime持续5分钟超过10%,node_33
67,SYS_2,2019-06-21 12:37:30,0,CPU利用率过高,node_18
68,SYS_1,2019-06-21 12:37:30,0,I/O等待负载持续15分钟超过10%,node_17
69,SYS_1,2019-06-21 12:37:30,0,CPUStealTime持续5分钟超过10%,node_83
70,SYS_6,2019-06-21 12:37:32,0,空闲交换空间小于50%,node_48
71,SYS_2,2019-06-21 12:37:33,0,日志中有Noroutetohost信息,node_21
72,SYS_5,2019-06-21 12:37:33,0,端口80通信异常,node_74
73,SYS_8,2019-06-21 12:37:34,0,堆内存平均使用率大于阈值,node_95
74,SYS_1,2019-06-21 12:37:35,0,I/O等待负载持续15分钟超过10%,node_0
75,SYS_1,2019-06-21 12:37:35,0,CPU利用率过高,node_58
76,SYS_9,2019-06-21 12:37:35,0,网卡发送流量过高,node_44
77,SYS_2,2019-06-21 12:37:35,0,网卡接收流量过高,node_37
78,SYS_1,2019-06-21 12:37:35,0,I/O等待负载持续15分钟超过10%,node_50
79,SYS_2,2019-06-21 12:37:36,0,**application停止运行,node_70
80,SYS_6,2019-06-21 12:37:36,0,****请求延时大于5分钟,node_35
81,SYS_5,2019-06-21 12:37:41,0,I/O等待负载大于50%,node_82
82,SYS_8,2019-06-21 12:37:44,0,堆内存平均使用率大于阈值,node_95
83,SYS_6,2019-06-21 12:37:46,0,****请求延时大于5分钟,node_35
84,SYS_2,2019-06-21 12:37:49,0,分区剩余空间小于阀值10%,node_45
85,SYS_2,2019-06-21 12:37:50,0,CPU利用率过高,node_18
86,SYS_1,2019-06-21 12:37:50,0,CPUStealTime持续5分钟超过10%,node_33
87,SYS_9,2019-06-21 12:37:50,0,分区剩余空间小于阀值10%,node_16
88,SYS_1,2019-06-21 12:37:50,0,CPUStealTime持续5分钟超过10%,node_4
89,SYS_1,2019-06-21 12:37:50,0,I/O等待负载持续15分钟超过10%,node_17
90,SYS_1,2019-06-21 12:37:50,0,CPUStealTime持续5分钟超过10%,node_83
91,SYS_1,2019-06-21 12:37:51,0,I/O等待负载持续15分钟超过10%,node_73
92,SYS_6,2019-06-21 12:37:53,0,"ping丢包率100%,服务器宕机",node_1
93,SYS_1,2019-06-21 12:37:53,1,日志中有OutOfMemoryError信息,node_93
94,SYS_8,2019-06-21 12:37:54,0,堆内存平均使用率大于阈值,node_95
95,SYS_6,2019-06-21 12:37:56,0,url80//访问失败,node_32
96,SYS_6,2019-06-21 12:37:56,0,****请求延时大于5分钟,node_35
97,SYS_10,2019-06-21 12:37:57,0,I/O等待负载持续15分钟超过10%,node_42
98,SYS_2,2019-06-21 12:37:58,0,网卡接收流量过高,node_99
99,SYS_1,2019-06-21 12:37:59,0,日志产生ERROR信息,node_15
100,SYS_2,2019-06-21 12:38:00,0,CPU利用率过高,node_18
101,SYS_5,2019-06-21 12:38:03,0,**application停止运行,node_38
102,SYS_9,2019-06-21 12:38:04,0,网卡发送流量过高,node_22
103,SYS_2,2019-06-21 12:38:05,0,网卡接收流量过高,node_37
104,SYS_8,2019-06-21 12:38:05,0,FullGC次数异常,node_49
105,SYS_6,2019-06-21 12:38:06,0,****请求延时大于5分钟,node_35
106,SYS_1,2019-06-21 12:38:10,0,CPUStealTime持续5分钟超过10%,node_4
107,SYS_9,2019-06-21 12:38:10,0,分区剩余空间小于阀值10%,node_16
108,SYS_1,2019-06-21 12:38:10,0,I/O等待负载持续15分钟超过10%,node_17
109,SYS_1,2019-06-21 12:38:10,0,CPUStealTime持续5分钟超过10%,node_83
110,SYS_1,2019-06-21 12:38:10,0,CPUStealTime持续5分钟超过10%,node_33
111,SYS_10,2019-06-21 12:38:11,0,空闲交换空间小于50%,node_64
112,SYS_5,2019-06-21 12:38:11,0,I/O等待负载大于50%,node_82
113,SYS_10,2019-06-21 12:38:12,0,ping丢包率当前值为25%，持续2分钟平均大于20%,node_52
114,SYS_6,2019-06-21 12:38:13,0,"ping丢包率100%,服务器宕机",node_1
115,SYS_9,2019-06-21 12:38:13,0,日志产生ERROR信息,node_75
116,SYS_5,2019-06-21 12:38:13,0,端口80通信异常,node_74
117,SYS_1,2019-06-21 12:38:13,1,日志中有OutOfMemoryError信息,node_93
118,SYS_8,2019-06-21 12:38:14,0,堆内存平均使用率大于阈值,node_95
119,SYS_5,2019-06-21 12:38:16,0,网卡接收流量过高,node_76
120,SYS_9,2019-06-21 12:38:18,0,FullGC次数异常,node_78
121,SYS_9,2019-06-21 12:38:19,0,url80//访问失败,node_80
122,SYS_1,2019-06-21 12:38:20,0,CPUStealTime持续5分钟超过10%,node_4
123,SYS_1,2019-06-21 12:38:20,0,I/O等待负载持续15分钟超过10%,node_17
124,SYS_1,2019-06-21 12:38:20,0,CPUStealTime持续5分钟超过10%,node_33
125,SYS_1,2019-06-21 12:38:20,0,CPUStealTime持续5分钟超过10%,node_83
126,SYS_2,2019-06-21 12:38:23,0,日志中有Noroutetohost信息,node_21
127,SYS_8,2019-06-21 12:38:24,0,JBOSS8080端口的连接数大于400,node_87
128,SYS_6,2019-06-21 12:38:27,0,"ping丢包率100%,服务器宕机",node_56
129,SYS_2,2019-06-21 12:38:29,0,分区剩余空间小于阀值10%,node_45
130,SYS_1,2019-06-21 12:38:30,0,CPUStealTime持续5分钟超过10%,node_83
131,SYS_1,2019-06-21 12:38:30,0,CPUStealTime持续5分钟超过10%,node_33
132,SYS_1,2019-06-21 12:38:30,0,CPUStealTime持续5分钟超过10%,node_4
133,SYS_1,2019-06-21 12:38:30,0,I/O等待负载持续15分钟超过10%,node_17
134,SYS_4,2019-06-21 12:38:32,0,日志中有Noroutetohost信息,node_81
135,SYS_10,2019-06-21 12:38:32,0,ping丢包率当前值为25%，持续2分钟平均大于20%,node_52
136,SYS_1,2019-06-21 12:38:33,1,日志中有OutOfMemoryError信息,node_93
137,SYS_1,2019-06-21 12:38:34,0,网卡接收流量过高,node_50
138,SYS_1,2019-06-21 12:38:35,0,I/O等待负载持续15分钟超过10%,node_0
139,SYS_1,2019-06-21 12:38:35,0,I/O等待负载持续15分钟超过10%,node_50
140,SYS_1,2019-06-21 12:38:35,0,CPU利用率过高,node_58
141,SYS_5,2019-06-21 12:38:36,0,网卡接收流量过高,node_76
142,SYS_7,2019-06-21 12:38:37,0,网卡发送流量过高,node_51
143,SYS_9,2019-06-21 12:38:39,0,url80//访问失败,node_80
144,SYS_1,2019-06-21 12:38:40,0,I/O等待负载持续15分钟超过10%,node_17
145,SYS_1,2019-06-21 12:38:40,0,CPUStealTime持续5分钟超过10%,node_4
146,SYS_1,2019-06-21 12:38:40,0,CPUStealTime持续5分钟超过10%,node_33
147,SYS_1,2019-06-21 12:38:40,0,CPUStealTime持续5分钟超过10%,node_83
148,SYS_5,2019-06-21 12:38:41,0,I/O等待负载大于50%,node_82
149,SYS_1,2019-06-21 12:38:41,0,硬盘Slot00状态为Failed,node_83
150,SYS_1,2019-06-21 12:38:42,0,日志中有Noroutetohost信息,node_50
151,SYS_4,2019-06-21 12:38:42,0,日志中有Noroutetohost信息,node_81
152,SYS_5,2019-06-21 12:38:43,0,**application停止运行,node_38
153,SYS_8,2019-06-21 12:38:44,0,堆内存平均使用率大于阈值,node_95
154,SYS_8,2019-06-21 12:38:48,0,端口80通信异常,node_71
155,SYS_1,2019-06-21 12:38:48,0,日志中有OutOfMemoryError信息,node_83
156,SYS_9,2019-06-21 12:38:48,0,FullGC次数异常,node_78
157,SYS_9,2019-06-21 12:38:49,0,url80//访问失败,node_80
158,SYS_1,2019-06-21 12:38:50,0,CPUStealTime持续5分钟超过10%,node_33
159,SYS_1,2019-06-21 12:38:50,0,CPUStealTime持续5分钟超过10%,node_83
160,SYS_1,2019-06-21 12:38:50,0,I/O等待负载持续15分钟超过10%,node_17
161,SYS_1,2019-06-21 12:38:50,0,CPUStealTime持续5分钟超过10%,node_4
162,SYS_5,2019-06-21 12:38:53,0,端口80通信异常,node_74
163,SYS_5,2019-06-21 12:38:53,0,**application停止运行,node_38
164,SYS_8,2019-06-21 12:38:54,0,堆内存平均使用率大于阈值,node_95
165,SYS_1,2019-06-21 12:38:54,0,端口6060通信异常,node_58
166,SYS_1,2019-06-21 12:38:55,0,CPU利用率过高,node_58
167,SYS_1,2019-06-21 12:38:55,0,I/O等待负载持续15分钟超过10%,node_50
168,SYS_1,2019-06-21 12:38:55,0,I/O等待负载持续15分钟超过10%,node_0
169,SYS_2,2019-06-21 12:38:56,0,端口6060通信异常,node_7
170,SYS_5,2019-06-21 12:38:56,0,CPUStealTime持续5分钟超过10%,node_26
171,SYS_3,2019-06-21 12:38:57,0,****请求延时大于5分钟,node_39
172,SYS_1,2019-06-21 12:38:57,0,日志中有OutOfMemoryError信息,node_4
173,SYS_7,2019-06-21 12:38:59,0,网卡发送流量过高,node_23
174,SYS_2,2019-06-21 12:38:59,0,分区剩余空间小于阀值10%,node_45
175,SYS_1,2019-06-21 12:39:00,0,CPUStealTime持续5分钟超过10%,node_33
176,SYS_1,2019-06-21 12:39:00,0,I/O等待负载持续15分钟超过10%,node_17
177,SYS_1,2019-06-21 12:39:00,0,CPUStealTime持续5分钟超过10%,node_4
178,SYS_1,2019-06-21 12:39:00,0,CPUStealTime持续5分钟超过10%,node_83
179,SYS_6,2019-06-21 12:39:02,0,空闲交换空间小于50%,node_48
180,SYS_1,2019-06-21 12:39:03,1,日志中有OutOfMemoryError信息,node_93
181,SYS_6,2019-06-21 12:39:03,0,"ping丢包率100%,服务器宕机",node_1
182,SYS_1,2019-06-21 12:39:05,0,I/O等待负载持续15分钟超过10%,node_50
183,SYS_1,2019-06-21 12:39:05,0,CPU利用率过高,node_58
184,SYS_1,2019-06-21 12:39:05,0,I/O等待负载持续15分钟超过10%,node_0
185,SYS_9,2019-06-21 12:39:08,0,FullGC次数异常,node_78
186,SYS_10,2019-06-21 12:39:12,0,Nginx80端口的连接数大于2000,node_96
187,SYS_5,2019-06-21 12:39:13,0,端口80通信异常,node_74
188,SYS_5,2019-06-21 12:39:13,0,**application停止运行,node_38
189,SYS_1,2019-06-21 12:39:15,0,I/O等待负载持续15分钟超过10%,node_50
190,SYS_1,2019-06-21 12:39:15,0,CPU利用率过高,node_58
191,SYS_1,2019-06-21 12:39:15,0,I/O等待负载持续15分钟超过10%,node_0
192,SYS_1,2019-06-21 12:39:16,0,**application停止运行,node_0
193,SYS_6,2019-06-21 12:39:16,0,****请求延时大于5分钟,node_35
194,SYS_6,2019-06-21 12:39:17,0,"ping丢包率100%,服务器宕机",node_56
195,SYS_5,2019-06-21 12:39:21,0,I/O等待负载大于50%,node_82
196,SYS_10,2019-06-21 12:39:22,0,Nginx80端口的连接数大于2000,node_96
197,SYS_5,2019-06-21 12:39:23,0,端口80通信异常,node_74
198,SYS_8,2019-06-21 12:39:24,0,JBOSS8080端口的连接数大于400,node_87
199,SYS_5,2019-06-21 12:39:24,0,**application停止运行,node_2
200,SYS_8,2019-06-21 12:39:24,0,堆内存平均使用率大于阈值,node_95
201,SYS_1,2019-06-21 12:39:25,0,I/O等待负载持续15分钟超过10%,node_0
202,SYS_9,2019-06-21 12:39:25,0,网卡发送流量过高,node_44
203,SYS_1,2019-06-21 12:39:25,0,CPU利用率过高,node_58
204,SYS_1,2019-06-21 12:39:25,0,I/O等待负载持续15分钟超过10%,node_50
205,SYS_8,2019-06-21 12:39:28,0,端口80通信异常,node_71
206,SYS_2,2019-06-21 12:39:30,0,CPU利用率过高,node_18
207,SYS_9,2019-06-21 12:39:33,0,日志产生ERROR信息,node_75
208,SYS_1,2019-06-21 12:39:33,1,日志中有OutOfMemoryError信息,node_93
209,SYS_8,2019-06-21 12:39:34,0,堆内存平均使用率大于阈值,node_95
210,SYS_4,2019-06-21 12:39:34,0,磁盘I/O异常,node_77
211,SYS_5,2019-06-21 12:39:36,0,CPUStealTime持续5分钟超过10%,node_26
212,SYS_2,2019-06-21 12:39:36,0,端口6060通信异常,node_7
213,SYS_8,2019-06-21 12:39:38,0,端口80通信异常,node_71
214,SYS_2,2019-06-21 12:39:40,0,CPU利用率过高,node_18
215,SYS_4,2019-06-21 12:39:42,0,日志中有Noroutetohost信息,node_81
216,SYS_5,2019-06-21 12:39:43,0,**application停止运行,node_38
217,SYS_8,2019-06-21 12:39:44,0,堆内存平均使用率大于阈值,node_95
218,SYS_8,2019-06-21 12:39:44,0,JBOSS8080端口的连接数大于400,node_87
219,SYS_2,2019-06-21 12:39:46,0,**application停止运行,node_70
220,SYS_6,2019-06-21 12:39:47,0,"ping丢包率100%,服务器宕机",node_56
221,SYS_10,2019-06-21 12:39:47,0,I/O等待负载持续15分钟超过10%,node_42
222,SYS_2,2019-06-21 12:39:48,0,网卡接收流量过高,node_99
223,SYS_2,2019-06-21 12:39:50,0,CPU利用率过高,node_18
224,SYS_10,2019-06-21 12:39:51,0,空闲交换空间小于50%,node_64
225,SYS_1,2019-06-21 12:39:53,1,日志中有OutOfMemoryError信息,node_93
226,SYS_8,2019-06-21 12:39:55,0,FullGC次数异常,node_49
227,SYS_9,2019-06-21 12:39:58,0,FullGC次数异常,node_78
228,SYS_1,2019-06-21 12:40:00,0,CPUStealTime持续5分钟超过10%,node_4
229,SYS_1,2019-06-21 12:40:00,0,CPUStealTime持续5分钟超过10%,node_83
230,SYS_1,2019-06-21 12:40:00,0,I/O等待负载持续15分钟超过10%,node_17
231,SYS_1,2019-06-21 12:40:00,0,CPUStealTime持续5分钟超过10%,node_33
232,SYS_10,2019-06-21 12:40:02,0,ping丢包率当前值为25%，持续2分钟平均大于20%,node_52
233,SYS_5,2019-06-21 12:40:04,0,**application停止运行,node_2
234,SYS_8,2019-06-21 12:40:04,0,堆内存平均使用率大于阈值,node_95
235,SYS_1,2019-06-21 12:40:05,0,I/O等待负载持续15分钟超过10%,node_50
236,SYS_8,2019-06-21 12:40:05,0,FullGC次数异常,node_49
237,SYS_1,2019-06-21 12:40:05,0,I/O等待负载持续15分钟超过10%,node_0
238,SYS_1,2019-06-21 12:40:05,0,CPU利用率过高,node_58
239,SYS_3,2019-06-21 12:40:05,0,空闲交换空间小于50%,node_86
240,SYS_2,2019-06-21 12:40:08,0,空闲交换空间小于50%,node_8
241,SYS_1,2019-06-21 12:40:10,0,I/O等待负载持续15分钟超过10%,node_17
242,SYS_2,2019-06-21 12:40:10,0,CPU利用率过高,node_18
243,SYS_1,2019-06-21 12:40:10,0,CPUStealTime持续5分钟超过10%,node_83
244,SYS_1,2019-06-21 12:40:10,0,CPUStealTime持续5分钟超过10%,node_33
245,SYS_1,2019-06-21 12:40:10,0,CPUStealTime持续5分钟超过10%,node_4
246,SYS_1,2019-06-21 12:40:11,0,I/O等待负载持续15分钟超过10%,node_73
247,SYS_7,2019-06-21 12:40:11,0,网卡接收流量过高,node_61
248,SYS_1,2019-06-21 12:40:12,0,日志中有Noroutetohost信息,node_50
249,SYS_1,2019-06-21 12:40:13,1,日志中有OutOfMemoryError信息,node_93
250,SYS_9,2019-06-21 12:40:13,0,日志产生ERROR信息,node_75
251,SYS_1,2019-06-21 12:40:15,0,I/O等待负载持续15分钟超过10%,node_0
252,SYS_3,2019-06-21 12:40:15,0,日志产生ERROR信息,node_57
253,SYS_1,2019-06-21 12:40:15,0,I/O等待负载持续15分钟超过10%,node_50
254,SYS_1,2019-06-21 12:40:15,0,CPU利用率过高,node_58
255,SYS_2,2019-06-21 12:40:16,0,端口6060通信异常,node_7
256,SYS_9,2019-06-21 12:40:18,0,FullGC次数异常,node_78
257,SYS_2,2019-06-21 12:40:19,0,分区剩余空间小于阀值10%,node_45
258,SYS_1,2019-06-21 12:40:20,0,CPUStealTime持续5分钟超过10%,node_4
259,SYS_1,2019-06-21 12:40:20,0,CPUStealTime持续5分钟超过10%,node_83
260,SYS_1,2019-06-21 12:40:20,0,CPUStealTime持续5分钟超过10%,node_33
261,SYS_1,2019-06-21 12:40:20,0,I/O等待负载持续15分钟超过10%,node_17
262,SYS_1,2019-06-21 12:40:23,1,日志中有OutOfMemoryError信息,node_93
263,SYS_5,2019-06-21 12:40:23,0,**application停止运行,node_38
264,SYS_2,2019-06-21 12:40:25,0,网卡接收流量过高,node_37
265,SYS_5,2019-06-21 12:40:26,0,CPUStealTime持续5分钟超过10%,node_26
266,SYS_3,2019-06-21 12:40:27,0,****请求延时大于5分钟,node_39
267,SYS_8,2019-06-21 12:40:28,0,端口80通信异常,node_71
268,SYS_4,2019-06-21 12:40:32,0,日志中有Noroutetohost信息,node_81
269,SYS_5,2019-06-21 12:40:33,0,端口80通信异常,node_74
270,SYS_8,2019-06-21 12:40:34,0,堆内存平均使用率大于阈值,node_95
271,SYS_1,2019-06-21 12:40:35,0,HTTP:http慢响应,node_17
272,SYS_1,2019-06-21 12:40:35,0,I/O等待负载持续15分钟超过10%,node_0
273,SYS_1,2019-06-21 12:40:35,0,CPU利用率过高,node_58
274,SYS_1,2019-06-21 12:40:35,0,I/O等待负载持续15分钟超过10%,node_50
275,SYS_2,2019-06-21 12:40:36,0,端口6060通信异常,node_7
276,SYS_8,2019-06-21 12:40:38,0,端口80通信异常,node_71
277,SYS_2,2019-06-21 12:40:39,0,日志中有OutOfMemoryError信息,node_30
278,SYS_2,2019-06-21 12:40:40,0,CPU利用率过高,node_18
279,SYS_5,2019-06-21 12:40:41,0,I/O等待负载大于50%,node_82
280,SYS_9,2019-06-21 12:40:42,0,日志产生ERROR信息,node_92
281,SYS_1,2019-06-21 12:40:42,0,日志中有Noroutetohost信息,node_50
282,SYS_1,2019-06-21 12:40:43,1,日志中有OutOfMemoryError信息,node_93
283,SYS_8,2019-06-21 12:40:44,0,堆内存平均使用率大于阈值,node_95
284,SYS_2,2019-06-21 12:40:46,0,端口6060通信异常,node_7
285,SYS_7,2019-06-21 12:40:47,0,网卡发送流量过高,node_51
286,SYS_8,2019-06-21 12:40:48,0,I/O等待负载大于50%,node_43
287,SYS_4,2019-06-21 12:40:52,0,日志中有Noroutetohost信息,node_81
288,SYS_1,2019-06-21 12:40:53,1,日志中有OutOfMemoryError信息,node_93
289,SYS_1,2019-06-21 12:40:55,0,I/O等待负载持续15分钟超过10%,node_50
290,SYS_8,2019-06-21 12:40:55,0,FullGC次数异常,node_49
291,SYS_1,2019-06-21 12:40:55,0,CPU利用率过高,node_58
292,SYS_1,2019-06-21 12:40:55,0,I/O等待负载持续15分钟超过10%,node_0
293,SYS_4,2019-06-21 12:40:56,0,Nginx80端口的连接数大于2000,node_5
294,SYS_7,2019-06-21 12:40:59,0,网卡发送流量过高,node_23
295,SYS_9,2019-06-21 12:40:59,0,url80//访问失败,node_80
296,SYS_1,2019-06-21 12:41:00,0,I/O等待负载持续15分钟超过10%,node_17
297,SYS_1,2019-06-21 12:41:00,0,CPUStealTime持续5分钟超过10%,node_4
298,SYS_1,2019-06-21 12:41:00,0,CPUStealTime持续5分钟超过10%,node_33
299,SYS_1,2019-06-21 12:41:00,0,CPUStealTime持续5分钟超过10%,node_83
300,SYS_4,2019-06-21 12:41:06,0,Nginx80端口的连接数大于2000,node_5
301,SYS_5,2019-06-21 12:41:06,0,CPUStealTime持续5分钟超过10%,node_26
302,SYS_6,2019-06-21 12:41:06,0,****请求延时大于5分钟,node_35
303,SYS_2,2019-06-21 12:41:06,0,端口6060通信异常,node_7
304,SYS_2,2019-06-21 12:41:06,0,**application停止运行,node_70
305,SYS_9,2019-06-21 12:41:08,0,FullGC次数异常,node_78
306,SYS_1,2019-06-21 12:41:10,0,CPUStealTime持续5分钟超过10%,node_33
307,SYS_1,2019-06-21 12:41:10,0,I/O等待负载持续15分钟超过10%,node_17
308,SYS_1,2019-06-21 12:41:10,0,CPUStealTime持续5分钟超过10%,node_4
309,SYS_1,2019-06-21 12:41:10,0,CPUStealTime持续5分钟超过10%,node_83
310,SYS_7,2019-06-21 12:41:12,0,网卡发送流量过高,node_54
311,SYS_1,2019-06-21 12:41:13,1,日志中有OutOfMemoryError信息,node_93
312,SYS_8,2019-06-21 12:41:15,0,FullGC次数异常,node_49
313,SYS_6,2019-06-21 12:41:16,0,url80//访问失败,node_32
314,SYS_2,2019-06-21 12:41:18,0,网卡接收流量过高,node_99
315,SYS_10,2019-06-21 12:41:20,0,网卡接收流量过高,node_40
316,SYS_9,2019-06-21 12:41:20,0,分区剩余空间小于阀值10%,node_16
317,SYS_10,2019-06-21 12:41:21,0,空闲交换空间小于50%,node_64
318,SYS_5,2019-06-21 12:41:21,0,I/O等待负载大于50%,node_82
319,SYS_1,2019-06-21 12:41:23,1,日志中有OutOfMemoryError信息,node_93
320,SYS_8,2019-06-21 12:41:24,0,堆内存平均使用率大于阈值,node_95
321,SYS_5,2019-06-21 12:41:26,0,CPUStealTime持续5分钟超过10%,node_26
322,SYS_6,2019-06-21 12:41:26,0,url80//访问失败,node_32
323,SYS_8,2019-06-21 12:41:28,0,端口80通信异常,node_71
324,SYS_2,2019-06-21 12:41:29,0,日志中有OutOfMemoryError信息,node_30
325,SYS_1,2019-06-21 12:41:31,0,url8080访问失败,node_17
326,SYS_1,2019-06-21 12:41:32,0,日志中有Noroutetohost信息,node_50
327,SYS_1,2019-06-21 12:41:33,1,日志中有OutOfMemoryError信息,node_93
328,SYS_8,2019-06-21 12:41:34,0,堆内存平均使用率大于阈值,node_95
329,SYS_8,2019-06-21 12:41:34,0,堆内存平均使用率大于阈值,node_79
330,SYS_1,2019-06-21 12:41:35,0,CPU利用率过高,node_58
331,SYS_1,2019-06-21 12:41:35,0,I/O等待负载持续15分钟超过10%,node_0
332,SYS_1,2019-06-21 12:41:35,0,I/O等待负载持续15分钟超过10%,node_50
333,SYS_6,2019-06-21 12:41:36,0,url80//访问失败,node_32
334,SYS_2,2019-06-21 12:41:36,0,端口6060通信异常,node_7
335,SYS_5,2019-06-21 12:41:36,0,网卡接收流量过高,node_76
336,SYS_10,2019-06-21 12:41:37,0,I/O等待负载持续15分钟超过10%,node_42
337,SYS_1,2019-06-21 12:41:40,0,I/O等待负载持续15分钟超过10%,node_17
338,SYS_1,2019-06-21 12:41:40,0,CPUStealTime持续5分钟超过10%,node_33
339,SYS_1,2019-06-21 12:41:40,0,CPUStealTime持续5分钟超过10%,node_4
340,SYS_1,2019-06-21 12:41:40,0,CPUStealTime持续5分钟超过10%,node_83
341,SYS_2,2019-06-21 12:41:40,0,CPU利用率过高,node_18
342,SYS_5,2019-06-21 12:41:43,0,**application停止运行,node_38
343,SYS_1,2019-06-21 12:41:43,1,日志中有OutOfMemoryError信息,node_93
344,SYS_8,2019-06-21 12:41:44,0,堆内存平均使用率大于阈值,node_79
345,SYS_8,2019-06-21 12:41:44,0,堆内存平均使用率大于阈值,node_95
346,SYS_8,2019-06-21 12:41:45,0,FullGC次数异常,node_49
347,SYS_4,2019-06-21 12:41:46,0,Nginx80端口的连接数大于2000,node_5
348,SYS_10,2019-06-21 12:41:47,0,I/O等待负载持续15分钟超过10%,node_42
349,SYS_9,2019-06-21 12:41:49,0,url80//访问失败,node_80
350,SYS_1,2019-06-21 12:41:50,0,CPUStealTime持续5分钟超过10%,node_4
351,SYS_1,2019-06-21 12:41:50,0,CPUStealTime持续5分钟超过10%,node_33
352,SYS_2,2019-06-21 12:41:50,0,CPU利用率过高,node_18
353,SYS_1,2019-06-21 12:41:50,0,CPUStealTime持续5分钟超过10%,node_83
354,SYS_1,2019-06-21 12:41:50,0,I/O等待负载持续15分钟超过10%,node_17
355,SYS_10,2019-06-21 12:41:51,0,空闲交换空间小于50%,node_64
356,SYS_5,2019-06-21 12:41:51,0,I/O等待负载大于50%,node_82
357,SYS_10,2019-06-21 12:41:52,0,Nginx80端口的连接数大于2000,node_96
358,SYS_5,2019-06-21 12:41:54,0,**application停止运行,node_2
359,SYS_1,2019-06-21 12:41:55,0,CPU利用率过高,node_58
360,SYS_1,2019-06-21 12:41:55,0,HTTP:http慢响应,node_17
361,SYS_1,2019-06-21 12:41:55,0,I/O等待负载持续15分钟超过10%,node_50
362,SYS_1,2019-06-21 12:41:55,0,I/O等待负载持续15分钟超过10%,node_0
363,SYS_10,2019-06-21 12:41:57,0,I/O等待负载持续15分钟超过10%,node_42
364,SYS_1,2019-06-21 12:41:59,0,日志产生ERROR信息,node_15
365,SYS_1,2019-06-21 12:42:00,0,CPUStealTime持续5分钟超过10%,node_33
366,SYS_1,2019-06-21 12:42:00,0,CPUStealTime持续5分钟超过10%,node_83
367,SYS_1,2019-06-21 12:42:00,0,CPUStealTime持续5分钟超过10%,node_4
368,SYS_1,2019-06-21 12:42:00,0,I/O等待负载持续15分钟超过10%,node_17
369,SYS_1,2019-06-21 12:42:01,0,url8080访问失败,node_17
370,SYS_10,2019-06-21 12:42:02,0,Nginx80端口的连接数大于2000,node_96
371,SYS_6,2019-06-21 12:42:02,0,空闲交换空间小于50%,node_48
372,SYS_1,2019-06-21 12:42:03,1,日志中有OutOfMemoryError信息,node_93
373,SYS_9,2019-06-21 12:42:04,0,网卡发送流量过高,node_22
374,SYS_1,2019-06-21 12:42:05,0,I/O等待负载持续15分钟超过10%,node_0
375,SYS_1,2019-06-21 12:42:05,0,I/O等待负载持续15分钟超过10%,node_50
376,SYS_1,2019-06-21 12:42:05,0,CPU利用率过高,node_58
377,SYS_6,2019-06-21 12:42:06,0,url80//访问失败,node_32
378,SYS_2,2019-06-21 12:42:06,0,端口6060通信异常,node_7
379,SYS_2,2019-06-21 12:42:06,0,**application停止运行,node_70
380,SYS_6,2019-06-21 12:42:06,0,****请求延时大于5分钟,node_35
381,SYS_9,2019-06-21 12:42:08,0,FullGC次数异常,node_78
382,SYS_1,2019-06-21 12:42:08,0,日志中有OutOfMemoryError信息,node_83
383,SYS_9,2019-06-21 12:42:09,0,url80//访问失败,node_80
384,SYS_10,2019-06-21 12:42:11,0,空闲交换空间小于50%,node_64
385,SYS_7,2019-06-21 12:42:11,0,网卡接收流量过高,node_61
386,SYS_1,2019-06-21 12:42:11,0,I/O等待负载持续15分钟超过10%,node_73
387,SYS_1,2019-06-21 12:42:13,1,日志中有OutOfMemoryError信息,node_93
388,SYS_6,2019-06-21 12:42:13,0,"ping丢包率100%,服务器宕机",node_1
389,SYS_4,2019-06-21 12:42:14,0,磁盘I/O异常,node_77
390,SYS_8,2019-06-21 12:42:14,0,堆内存平均使用率大于阈值,node_95
391,SYS_6,2019-06-21 12:42:16,0,****请求延时大于5分钟,node_35
392,SYS_7,2019-06-21 12:42:17,0,网卡发送流量过高,node_51
393,SYS_3,2019-06-21 12:42:17,0,****请求延时大于5分钟,node_39
394,SYS_1,2019-06-21 12:42:20,0,CPUStealTime持续5分钟超过10%,node_4
395,SYS_1,2019-06-21 12:42:20,0,CPUStealTime持续5分钟超过10%,node_83
396,SYS_1,2019-06-21 12:42:20,0,CPUStealTime持续5分钟超过10%,node_33
397,SYS_1,2019-06-21 12:42:20,0,I/O等待负载持续15分钟超过10%,node_17
398,SYS_2,2019-06-21 12:42:20,0,CPU利用率过高,node_18
399,SYS_1,2019-06-21 12:42:23,1,日志中有OutOfMemoryError信息,node_93
400,SYS_6,2019-06-21 12:42:23,0,"ping丢包率100%,服务器宕机",node_1
401,SYS_8,2019-06-21 12:42:24,0,堆内存平均使用率大于阈值,node_79
402,SYS_1,2019-06-21 12:42:25,0,CPU利用率过高,node_58
403,SYS_1,2019-06-21 12:42:25,0,I/O等待负载持续15分钟超过10%,node_50
404,SYS_1,2019-06-21 12:42:25,0,I/O等待负载持续15分钟超过10%,node_0
405,SYS_1,2019-06-21 12:42:27,0,CPUStealTime持续5分钟超过10%,node_93
406,SYS_9,2019-06-21 12:42:30,0,分区剩余空间小于阀值10%,node_16
407,SYS_1,2019-06-21 12:42:30,0,CPUStealTime持续5分钟超过10%,node_33
408,SYS_1,2019-06-21 12:42:30,0,I/O等待负载持续15分钟超过10%,node_17
409,SYS_1,2019-06-21 12:42:30,0,CPUStealTime持续5分钟超过10%,node_83
410,SYS_1,2019-06-21 12:42:30,0,CPUStealTime持续5分钟超过10%,node_4
411,SYS_2,2019-06-21 12:42:30,0,CPU利用率过高,node_18
412,SYS_1,2019-06-21 12:42:31,0,硬盘Slot00状态为Failed,node_83
413,SYS_5,2019-06-21 12:42:31,0,I/O等待负载大于50%,node_82
414,SYS_2,2019-06-21 12:42:33,0,日志中有Noroutetohost信息,node_21
415,SYS_1,2019-06-21 12:42:33,1,日志中有OutOfMemoryError信息,node_93
416,SYS_8,2019-06-21 12:42:34,0,堆内存平均使用率大于阈值,node_95
417,SYS_8,2019-06-21 12:42:34,0,堆内存平均使用率大于阈值,node_79
418,SYS_4,2019-06-21 12:42:36,0,Nginx80端口的连接数大于2000,node_5
419,SYS_9,2019-06-21 12:42:39,0,url80//访问失败,node_80
420,SYS_1,2019-06-21 12:42:40,0,I/O等待负载持续15分钟超过10%,node_17
421,SYS_1,2019-06-21 12:42:40,0,CPUStealTime持续5分钟超过10%,node_4
422,SYS_1,2019-06-21 12:42:40,0,CPUStealTime持续5分钟超过10%,node_83
423,SYS_1,2019-06-21 12:42:40,0,CPUStealTime持续5分钟超过10%,node_33
424,SYS_7,2019-06-21 12:42:42,0,网卡发送流量过高,node_54
425,SYS_1,2019-06-21 12:42:43,1,日志中有OutOfMemoryError信息,node_93
426,SYS_5,2019-06-21 12:42:43,0,端口80通信异常,node_74
427,SYS_8,2019-06-21 12:42:44,0,堆内存平均使用率大于阈值,node_95
428,SYS_4,2019-06-21 12:42:46,0,Nginx80端口的连接数大于2000,node_5
429,SYS_2,2019-06-21 12:42:49,0,日志中有OutOfMemoryError信息,node_30
430,SYS_1,2019-06-21 12:42:49,0,日志产生ERROR信息,node_15
431,SYS_2,2019-06-21 12:42:49,0,分区剩余空间小于阀值10%,node_45
432,SYS_2,2019-06-21 12:42:50,0,CPU利用率过高,node_18
433,SYS_9,2019-06-21 12:42:50,0,分区剩余空间小于阀值10%,node_16
434,SYS_10,2019-06-21 12:42:51,0,空闲交换空间小于50%,node_64
435,SYS_1,2019-06-21 12:42:51,0,url8080访问失败,node_17
436,SYS_1,2019-06-21 12:42:51,0,I/O等待负载持续15分钟超过10%,node_73
437,SYS_10,2019-06-21 12:42:52,0,ping丢包率当前值为25%，持续2分钟平均大于20%,node_52
438,SYS_5,2019-06-21 12:42:53,0,端口80通信异常,node_74
439,SYS_6,2019-06-21 12:42:53,0,"ping丢包率100%,服务器宕机",node_1
440,SYS_1,2019-06-21 12:42:53,1,日志中有OutOfMemoryError信息,node_93
441,SYS_8,2019-06-21 12:42:54,0,堆内存平均使用率大于阈值,node_79
442,SYS_8,2019-06-21 12:42:54,0,堆内存平均使用率大于阈值,node_95
443,SYS_3,2019-06-21 12:42:55,0,空闲交换空间小于50%,node_86
444,SYS_8,2019-06-21 12:42:55,0,FullGC次数异常,node_49
445,SYS_6,2019-06-21 12:42:56,0,url80//访问失败,node_32
446,SYS_6,2019-06-21 12:42:56,0,****请求延时大于5分钟,node_35
447,SYS_2,2019-06-21 12:42:58,0,网卡接收流量过高,node_99
448,SYS_2,2019-06-21 12:43:00,0,CPU利用率过高,node_18
449,SYS_10,2019-06-21 12:43:00,0,网卡接收流量过高,node_40
450,SYS_1,2019-06-21 12:43:00,0,CPUStealTime持续5分钟超过10%,node_33
451,SYS_1,2019-06-21 12:43:00,0,I/O等待负载持续15分钟超过10%,node_17
452,SYS_1,2019-06-21 12:43:00,0,CPUStealTime持续5分钟超过10%,node_4
453,SYS_1,2019-06-21 12:43:00,0,CPUStealTime持续5分钟超过10%,node_83
454,SYS_10,2019-06-21 12:43:01,0,空闲交换空间小于50%,node_64
455,SYS_1,2019-06-21 12:43:03,1,日志中有OutOfMemoryError信息,node_93
456,SYS_8,2019-06-21 12:43:04,0,堆内存平均使用率大于阈值,node_79
457,SYS_6,2019-06-21 12:43:06,0,****请求延时大于5分钟,node_35
458,SYS_2,2019-06-21 12:43:06,0,**application停止运行,node_70
459,SYS_10,2019-06-21 12:43:07,0,I/O等待负载持续15分钟超过10%,node_42
460,SYS_1,2019-06-21 12:43:09,0,日志产生ERROR信息,node_15
461,SYS_1,2019-06-21 12:43:10,0,CPUStealTime持续5分钟超过10%,node_4
462,SYS_1,2019-06-21 12:43:10,0,I/O等待负载持续15分钟超过10%,node_17
463,SYS_1,2019-06-21 12:43:10,0,CPUStealTime持续5分钟超过10%,node_33
464,SYS_1,2019-06-21 12:43:10,0,CPUStealTime持续5分钟超过10%,node_83
465,SYS_9,2019-06-21 12:43:10,0,分区剩余空间小于阀值10%,node_16
466,SYS_10,2019-06-21 12:43:10,0,网卡接收流量过高,node_40
467,SYS_5,2019-06-21 12:43:11,0,I/O等待负载大于50%,node_82
468,SYS_10,2019-06-21 12:43:11,0,空闲交换空间小于50%,node_64
469,SYS_5,2019-06-21 12:43:13,0,**application停止运行,node_38
470,SYS_1,2019-06-21 12:43:13,1,日志中有OutOfMemoryError信息,node_93
471,SYS_5,2019-06-21 12:43:14,0,**application停止运行,node_2
472,SYS_8,2019-06-21 12:43:14,0,堆内存平均使用率大于阈值,node_79
473,SYS_1,2019-06-21 12:43:14,0,端口6060通信异常,node_58
474,SYS_1,2019-06-21 12:43:15,0,I/O等待负载持续15分钟超过10%,node_0
475,SYS_1,2019-06-21 12:43:15,0,CPU利用率过高,node_58
476,SYS_1,2019-06-21 12:43:15,0,I/O等待负载持续15分钟超过10%,node_50
477,SYS_6,2019-06-21 12:43:16,0,****请求延时大于5分钟,node_35
478,SYS_6,2019-06-21 12:43:17,0,"ping丢包率100%,服务器宕机",node_56
479,SYS_2,2019-06-21 12:43:19,0,分区剩余空间小于阀值10%,node_45
480,SYS_1,2019-06-21 12:43:20,0,I/O等待负载持续15分钟超过10%,node_17
481,SYS_1,2019-06-21 12:43:20,0,CPUStealTime持续5分钟超过10%,node_4
482,SYS_1,2019-06-21 12:43:20,0,CPUStealTime持续5分钟超过10%,node_33
483,SYS_4,2019-06-21 12:43:20,0,FullGC次数异常,node_72
484,SYS_1,2019-06-21 12:43:20,0,CPUStealTime持续5分钟超过10%,node_83
485,SYS_9,2019-06-21 12:43:20,0,分区剩余空间小于阀值10%,node_16
486,SYS_1,2019-06-21 12:43:21,0,硬盘Slot00状态为Failed,node_83
487,SYS_4,2019-06-21 12:43:22,0,日志中有Noroutetohost信息,node_81
488,SYS_1,2019-06-21 12:43:23,1,日志中有OutOfMemoryError信息,node_93
489,SYS_8,2019-06-21 12:43:24,0,堆内存平均使用率大于阈值,node_95
490,SYS_5,2019-06-21 12:43:24,0,**application停止运行,node_2
491,SYS_1,2019-06-21 12:43:25,0,I/O等待负载持续15分钟超过10%,node_0
492,SYS_1,2019-06-21 12:43:25,0,CPU利用率过高,node_58
493,SYS_1,2019-06-21 12:43:25,0,I/O等待负载持续15分钟超过10%,node_50
494,SYS_3,2019-06-21 12:43:25,0,空闲交换空间小于50%,node_86
495,SYS_4,2019-06-21 12:43:26,0,Nginx80端口的连接数大于2000,node_5
496,SYS_2,2019-06-21 12:43:26,0,端口6060通信异常,node_7
497,SYS_6,2019-06-21 12:43:26,0,url80//访问失败,node_32
498,SYS_7,2019-06-21 12:43:27,0,网卡发送流量过高,node_51
499,SYS_2,2019-06-21 12:43:30,0,CPU利用率过高,node_18
500,SYS_10,2019-06-21 12:43:32,0,ping丢包率当前值为25%，持续2分钟平均大于20%,node_52
501,SYS_1,2019-06-21 12:43:32,0,日志中有Noroutetohost信息,node_50
502,SYS_5,2019-06-21 12:43:33,0,**application停止运行,node_38
503,SYS_6,2019-06-21 12:43:33,0,"ping丢包率100%,服务器宕机",node_1
504,SYS_1,2019-06-21 12:43:33,1,日志中有OutOfMemoryError信息,node_93
505,SYS_8,2019-06-21 12:43:34,0,堆内存平均使用率大于阈值,node_95
506,SYS_1,2019-06-21 12:43:35,0,I/O等待负载持续15分钟超过10%,node_0
507,SYS_1,2019-06-21 12:43:35,0,CPU利用率过高,node_58
508,SYS_1,2019-06-21 12:43:35,0,I/O等待负载持续15分钟超过10%,node_50
509,SYS_1,2019-06-21 12:43:38,0,日志中有OutOfMemoryError信息,node_83
510,SYS_1,2019-06-21 12:43:39,0,日志产生ERROR信息,node_15
511,SYS_9,2019-06-21 12:43:40,0,分区剩余空间小于阀值10%,node_16
512,SYS_2,2019-06-21 12:43:40,0,CPU利用率过高,node_18
513,SYS_10,2019-06-21 12:43:40,0,网卡接收流量过高,node_40
514,SYS_1,2019-06-21 12:43:41,0,url8080访问失败,node_17
515,SYS_1,2019-06-21 12:43:41,0,I/O等待负载持续15分钟超过10%,node_73
516,SYS_9,2019-06-21 12:43:42,0,日志产生ERROR信息,node_92
517,SYS_4,2019-06-21 12:43:42,0,日志中有Noroutetohost信息,node_81
518,SYS_7,2019-06-21 12:43:42,0,网卡发送流量过高,node_54
519,SYS_5,2019-06-21 12:43:43,0,端口80通信异常,node_74
520,SYS_8,2019-06-21 12:43:44,0,堆内存平均使用率大于阈值,node_95
521,SYS_3,2019-06-21 12:43:44,0,url80//访问失败,node_97
522,SYS_2,2019-06-21 12:43:46,0,**application停止运行,node_70
523,SYS_4,2019-06-21 12:43:46,0,Nginx80端口的连接数大于2000,node_5
524,SYS_10,2019-06-21 12:43:47,0,I/O等待负载持续15分钟超过10%,node_42
525,SYS_8,2019-06-21 12:43:48,0,I/O等待负载大于50%,node_43
526,SYS_9,2019-06-21 12:43:48,0,FullGC次数异常,node_78
527,SYS_10,2019-06-21 12:43:50,0,网卡接收流量过高,node_40
528,SYS_2,2019-06-21 12:43:50,0,CPU利用率过高,node_18
529,SYS_1,2019-06-21 12:43:51,0,硬盘Slot00状态为Failed,node_83
530,SYS_7,2019-06-21 12:43:52,0,网卡发送流量过高,node_54
531,SYS_8,2019-06-21 12:43:55,0,FullGC次数异常,node_49
532,SYS_1,2019-06-21 12:43:55,0,I/O等待负载持续15分钟超过10%,node_0
533,SYS_1,2019-06-21 12:43:55,0,CPU利用率过高,node_58
534,SYS_1,2019-06-21 12:43:55,0,I/O等待负载持续15分钟超过10%,node_50
535,SYS_6,2019-06-21 12:43:56,0,url80//访问失败,node_32
536,SYS_6,2019-06-21 12:43:56,0,****请求延时大于5分钟,node_35
537,SYS_10,2019-06-21 12:43:57,0,I/O等待负载持续15分钟超过10%,node_42
538,SYS_2,2019-06-21 12:43:58,0,网卡接收流量过高,node_99
539,SYS_1,2019-06-21 12:44:00,0,I/O等待负载持续15分钟超过10%,node_17
540,SYS_4,2019-06-21 12:44:00,0,FullGC次数异常,node_72
541,SYS_1,2019-06-21 12:44:00,0,CPUStealTime持续5分钟超过10%,node_4
542,SYS_10,2019-06-21 12:44:00,0,网卡接收流量过高,node_40
543,SYS_1,2019-06-21 12:44:00,0,CPUStealTime持续5分钟超过10%,node_83
544,SYS_1,2019-06-21 12:44:00,0,CPUStealTime持续5分钟超过10%,node_33
545,SYS_10,2019-06-21 12:44:01,0,空闲交换空间小于50%,node_64
546,SYS_9,2019-06-21 12:44:02,0,日志产生ERROR信息,node_92
547,SYS_4,2019-06-21 12:44:02,0,日志中有Noroutetohost信息,node_81
548,SYS_5,2019-06-21 12:44:03,0,**application停止运行,node_38
549,SYS_1,2019-06-21 12:44:03,1,日志中有OutOfMemoryError信息,node_93
550,SYS_3,2019-06-21 12:44:04,0,url80//访问失败,node_97
551,SYS_6,2019-06-21 12:44:06,0,url80//访问失败,node_32
552,SYS_7,2019-06-21 12:44:07,0,网卡发送流量过高,node_51
553,SYS_9,2019-06-21 12:44:08,0,FullGC次数异常,node_78
554,SYS_1,2019-06-21 12:44:10,0,I/O等待负载持续15分钟超过10%,node_17
555,SYS_1,2019-06-21 12:44:10,0,CPUStealTime持续5分钟超过10%,node_4
556,SYS_1,2019-06-21 12:44:10,0,CPUStealTime持续5分钟超过10%,node_83
557,SYS_1,2019-06-21 12:44:10,0,CPUStealTime持续5分钟超过10%,node_33
558,SYS_10,2019-06-21 12:44:11,0,空闲交换空间小于50%,node_64
559,SYS_1,2019-06-21 12:44:13,1,日志中有OutOfMemoryError信息,node_93
560,SYS_8,2019-06-21 12:44:14,0,堆内存平均使用率大于阈值,node_95
561,SYS_1,2019-06-21 12:44:15,0,CPU利用率过高,node_58
562,SYS_1,2019-06-21 12:44:15,0,I/O等待负载持续15分钟超过10%,node_50
563,SYS_1,2019-06-21 12:44:15,0,I/O等待负载持续15分钟超过10%,node_0
564,SYS_5,2019-06-21 12:44:16,0,CPUStealTime持续5分钟超过10%,node_26
565,SYS_2,2019-06-21 12:44:16,0,**application停止运行,node_70
566,SYS_7,2019-06-21 12:44:17,0,网卡发送流量过高,node_51
567,SYS_9,2019-06-21 12:44:18,0,FullGC次数异常,node_78
568,SYS_1,2019-06-21 12:44:19,0,日志产生ERROR信息,node_15
569,SYS_9,2019-06-21 12:44:19,0,url80//访问失败,node_80
570,SYS_5,2019-06-21 12:44:21,0,I/O等待负载大于50%,node_82
571,SYS_1,2019-06-21 12:44:23,1,日志中有OutOfMemoryError信息,node_93
572,SYS_5,2019-06-21 12:44:23,0,端口80通信异常,node_74
573,SYS_8,2019-06-21 12:44:24,0,堆内存平均使用率大于阈值,node_95
574,SYS_8,2019-06-21 12:44:28,0,端口80通信异常,node_71
575,SYS_10,2019-06-21 12:44:30,0,网卡接收流量过高,node_40
576,SYS_1,2019-06-21 12:44:30,0,CPUStealTime持续5分钟超过10%,node_33
577,SYS_1,2019-06-21 12:44:30,0,I/O等待负载持续15分钟超过10%,node_17
578,SYS_2,2019-06-21 12:44:30,0,CPU利用率过高,node_18
579,SYS_1,2019-06-21 12:44:30,0,CPUStealTime持续5分钟超过10%,node_83
580,SYS_1,2019-06-21 12:44:30,0,CPUStealTime持续5分钟超过10%,node_4
581,SYS_1,2019-06-21 12:44:31,0,url8080访问失败,node_17
582,SYS_8,2019-06-21 12:44:34,0,堆内存平均使用率大于阈值,node_95
583,SYS_9,2019-06-21 12:44:38,0,FullGC次数异常,node_78
584,SYS_2,2019-06-21 12:44:40,0,CPU利用率过高,node_18
585,SYS_1,2019-06-21 12:44:41,0,硬盘Slot00状态为Failed,node_83
586,SYS_5,2019-06-21 12:44:43,0,端口80通信异常,node_74
587,SYS_6,2019-06-21 12:44:43,0,"ping丢包率100%,服务器宕机",node_1
588,SYS_2,2019-06-21 12:44:46,0,**application停止运行,node_70
589,SYS_9,2019-06-21 12:44:48,0,FullGC次数异常,node_78
590,SYS_7,2019-06-21 12:44:49,0,网卡发送流量过高,node_23
591,SYS_1,2019-06-21 12:44:51,0,I/O等待负载持续15分钟超过10%,node_73
592,SYS_1,2019-06-21 12:44:51,0,url8080访问失败,node_17
593,SYS_1,2019-06-21 12:44:53,1,日志中有OutOfMemoryError信息,node_93
594,SYS_5,2019-06-21 12:44:53,0,端口80通信异常,node_74
595,SYS_8,2019-06-21 12:44:54,0,堆内存平均使用率大于阈值,node_79
596,SYS_8,2019-06-21 12:44:55,0,FullGC次数异常,node_49
597,SYS_6,2019-06-21 12:44:56,0,url80//访问失败,node_32
598,SYS_8,2019-06-21 12:44:58,0,I/O等待负载大于50%,node_43
599,SYS_1,2019-06-21 12:45:00,0,CPUStealTime持续5分钟超过10%,node_4
600,SYS_1,2019-06-21 12:45:00,0,CPUStealTime持续5分钟超过10%,node_33
601,SYS_1,2019-06-21 12:45:00,0,CPUStealTime持续5分钟超过10%,node_83
602,SYS_1,2019-06-21 12:45:00,0,I/O等待负载持续15分钟超过10%,node_17
603,SYS_10,2019-06-21 12:45:00,0,网卡接收流量过高,node_40
604,SYS_1,2019-06-21 12:45:01,0,I/O等待负载持续15分钟超过10%,node_73
605,SYS_1,2019-06-21 12:45:03,1,日志中有OutOfMemoryError信息,node_93
606,SYS_2,2019-06-21 12:45:03,0,日志中有Noroutetohost信息,node_21
607,SYS_8,2019-06-21 12:45:04,0,堆内存平均使用率大于阈值,node_95
608,SYS_5,2019-06-21 12:45:04,0,**application停止运行,node_2
609,SYS_1,2019-06-21 12:45:05,0,I/O等待负载持续15分钟超过10%,node_0
610,SYS_1,2019-06-21 12:45:05,0,I/O等待负载持续15分钟超过10%,node_50
611,SYS_1,2019-06-21 12:45:05,0,CPU利用率过高,node_58
612,SYS_5,2019-06-21 12:45:06,0,网卡接收流量过高,node_76
613,SYS_4,2019-06-21 12:45:06,0,Nginx80端口的连接数大于2000,node_5
614,SYS_1,2019-06-21 12:45:07,0,日志中有OutOfMemoryError信息,node_4
615,SYS_9,2019-06-21 12:45:08,0,FullGC次数异常,node_78
616,SYS_2,2019-06-21 12:45:08,0,网卡接收流量过高,node_99
617,SYS_1,2019-06-21 12:45:09,0,日志产生ERROR信息,node_15
618,SYS_10,2019-06-21 12:45:10,0,网卡接收流量过高,node_40
619,SYS_1,2019-06-21 12:45:11,0,I/O等待负载持续15分钟超过10%,node_73
620,SYS_1,2019-06-21 12:45:13,1,日志中有OutOfMemoryError信息,node_93
621,SYS_1,2019-06-21 12:45:15,0,CPU利用率过高,node_58
622,SYS_1,2019-06-21 12:45:15,0,I/O等待负载持续15分钟超过10%,node_0
623,SYS_1,2019-06-21 12:45:15,0,I/O等待负载持续15分钟超过10%,node_50
624,SYS_5,2019-06-21 12:45:16,0,CPUStealTime持续5分钟超过10%,node_26
625,SYS_1,2019-06-21 12:45:17,0,日志中有OutOfMemoryError信息,node_4
626,SYS_6,2019-06-21 12:45:17,0,"ping丢包率100%,服务器宕机",node_56
627,SYS_1,2019-06-21 12:45:18,0,日志中有OutOfMemoryError信息,node_83
628,SYS_9,2019-06-21 12:45:18,0,FullGC次数异常,node_78
629,SYS_9,2019-06-21 12:45:19,0,url80//访问失败,node_80
630,SYS_1,2019-06-21 12:45:20,0,CPUStealTime持续5分钟超过10%,node_83
631,SYS_1,2019-06-21 12:45:20,0,CPUStealTime持续5分钟超过10%,node_4
632,SYS_1,2019-06-21 12:45:20,0,I/O等待负载持续15分钟超过10%,node_17
633,SYS_1,2019-06-21 12:45:20,0,CPUStealTime持续5分钟超过10%,node_33
634,SYS_9,2019-06-21 12:45:23,0,日志产生ERROR信息,node_75
635,SYS_8,2019-06-21 12:45:24,0,堆内存平均使用率大于阈值,node_95
636,SYS_5,2019-06-21 12:45:24,0,**application停止运行,node_2
637,SYS_3,2019-06-21 12:45:25,0,空闲交换空间小于50%,node_86
638,SYS_2,2019-06-21 12:45:26,0,端口6060通信异常,node_7
639,SYS_6,2019-06-21 12:45:26,0,****请求延时大于5分钟,node_35
640,SYS_9,2019-06-21 12:45:28,0,FullGC次数异常,node_78
641,SYS_2,2019-06-21 12:45:29,0,日志中有OutOfMemoryError信息,node_30
642,SYS_2,2019-06-21 12:45:30,0,CPU利用率过高,node_18
643,SYS_10,2019-06-21 12:45:30,0,网卡接收流量过高,node_40
644,SYS_9,2019-06-21 12:45:32,0,日志产生ERROR信息,node_92
645,SYS_9,2019-06-21 12:45:33,0,日志产生ERROR信息,node_75
646,SYS_3,2019-06-21 12:45:35,0,日志产生ERROR信息,node_57
647,SYS_5,2019-06-21 12:45:36,0,CPUStealTime持续5分钟超过10%,node_26
648,SYS_2,2019-06-21 12:45:36,0,端口6060通信异常,node_7
649,SYS_2,2019-06-21 12:45:38,0,网卡接收流量过高,node_99
650,SYS_9,2019-06-21 12:45:39,0,url80//访问失败,node_80
651,SYS_2,2019-06-21 12:45:40,0,CPU利用率过高,node_18
652,SYS_5,2019-06-21 12:45:44,0,**application停止运行,node_2
653,SYS_9,2019-06-21 12:45:44,0,网卡发送流量过高,node_22
654,SYS_8,2019-06-21 12:45:44,0,堆内存平均使用率大于阈值,node_95
655,SYS_1,2019-06-21 12:45:45,0,HTTP:http慢响应,node_17
656,SYS_5,2019-06-21 12:45:46,0,网卡接收流量过高,node_76
657,SYS_5,2019-06-21 12:45:46,0,CPUStealTime持续5分钟超过10%,node_26
658,SYS_1,2019-06-21 12:45:50,0,CPUStealTime持续5分钟超过10%,node_33
659,SYS_1,2019-06-21 12:45:50,0,I/O等待负载持续15分钟超过10%,node_17
660,SYS_1,2019-06-21 12:45:50,0,CPUStealTime持续5分钟超过10%,node_4
661,SYS_2,2019-06-21 12:45:50,0,CPU利用率过高,node_18
662,SYS_1,2019-06-21 12:45:50,0,CPUStealTime持续5分钟超过10%,node_83
663,SYS_5,2019-06-21 12:45:53,0,**application停止运行,node_38
664,SYS_5,2019-06-21 12:45:54,0,**application停止运行,node_2
665,SYS_8,2019-06-21 12:45:54,0,堆内存平均使用率大于阈值,node_95
666,SYS_1,2019-06-21 12:45:55,0,I/O等待负载持续15分钟超过10%,node_0
667,SYS_1,2019-06-21 12:45:55,0,I/O等待负载持续15分钟超过10%,node_50
668,SYS_1,2019-06-21 12:45:55,0,CPU利用率过高,node_58
669,SYS_2,2019-06-21 12:45:56,0,**application停止运行,node_70
670,SYS_1,2019-06-21 12:46:01,0,硬盘Slot00状态为Failed,node_83
671,SYS_1,2019-06-21 12:46:05,0,I/O等待负载持续15分钟超过10%,node_50
672,SYS_9,2019-06-21 12:46:05,0,网卡发送流量过高,node_44
673,SYS_1,2019-06-21 12:46:05,0,I/O等待负载持续15分钟超过10%,node_0
674,SYS_1,2019-06-21 12:46:05,0,CPU利用率过高,node_58
675,SYS_6,2019-06-21 12:46:06,0,****请求延时大于5分钟,node_35
676,SYS_1,2019-06-21 12:46:09,0,日志产生ERROR信息,node_15
677,SYS_1,2019-06-21 12:46:10,0,CPUStealTime持续5分钟超过10%,node_33
678,SYS_1,2019-06-21 12:46:10,0,I/O等待负载持续15分钟超过10%,node_17
679,SYS_1,2019-06-21 12:46:10,0,CPUStealTime持续5分钟超过10%,node_4
680,SYS_1,2019-06-21 12:46:10,0,CPUStealTime持续5分钟超过10%,node_83
681,SYS_2,2019-06-21 12:46:10,0,CPU利用率过高,node_18
682,SYS_10,2019-06-21 12:46:10,0,网卡接收流量过高,node_40
683,SYS_8,2019-06-21 12:46:11,0,HTTP:http慢响应,node_88
684,SYS_1,2019-06-21 12:46:11,0,I/O等待负载持续15分钟超过10%,node_73
685,SYS_1,2019-06-21 12:46:12,0,日志中有Noroutetohost信息,node_50
686,SYS_9,2019-06-21 12:46:12,0,日志产生ERROR信息,node_92
687,SYS_10,2019-06-21 12:46:12,0,ping丢包率当前值为25%，持续2分钟平均大于20%,node_52
688,SYS_1,2019-06-21 12:46:13,1,日志中有OutOfMemoryError信息,node_93
689,SYS_2,2019-06-21 12:46:13,0,日志中有Noroutetohost信息,node_21
690,SYS_1,2019-06-21 12:46:15,0,I/O等待负载持续15分钟超过10%,node_50
691,SYS_1,2019-06-21 12:46:15,0,I/O等待负载持续15分钟超过10%,node_0
692,SYS_1,2019-06-21 12:46:15,0,CPU利用率过高,node_58
693,SYS_6,2019-06-21 12:46:16,0,****请求延时大于5分钟,node_35
694,SYS_6,2019-06-21 12:46:17,0,"ping丢包率100%,服务器宕机",node_56
695,SYS_2,2019-06-21 12:46:18,0,网卡接收流量过高,node_99
696,SYS_10,2019-06-21 12:46:20,0,网卡接收流量过高,node_40
697,SYS_10,2019-06-21 12:46:21,0,空闲交换空间小于50%,node_64
698,SYS_5,2019-06-21 12:46:21,0,I/O等待负载大于50%,node_82
699,SYS_6,2019-06-21 12:46:22,0,空闲交换空间小于50%,node_48
700,SYS_10,2019-06-21 12:46:22,0,ping丢包率当前值为25%，持续2分钟平均大于20%,node_52
701,SYS_4,2019-06-21 12:46:24,0,磁盘I/O异常,node_77
702,SYS_4,2019-06-21 12:46:26,0,Nginx80端口的连接数大于2000,node_5
703,SYS_6,2019-06-21 12:46:26,0,****请求延时大于5分钟,node_35
704,SYS_6,2019-06-21 12:46:26,0,url80//访问失败,node_32
705,SYS_10,2019-06-21 12:46:27,0,I/O等待负载持续15分钟超过10%,node_42
706,SYS_2,2019-06-21 12:46:30,0,CPU利用率过高,node_18
707,SYS_9,2019-06-21 12:46:30,0,分区剩余空间小于阀值10%,node_16
708,SYS_10,2019-06-21 12:46:31,0,空闲交换空间小于50%,node_64
709,SYS_1,2019-06-21 12:46:31,0,I/O等待负载持续15分钟超过10%,node_73
710,SYS_5,2019-06-21 12:46:31,0,I/O等待负载大于50%,node_82
711,SYS_1,2019-06-21 12:46:33,1,日志中有OutOfMemoryError信息,node_93
712,SYS_4,2019-06-21 12:46:34,0,磁盘I/O异常,node_77
713,SYS_8,2019-06-21 12:46:34,0,堆内存平均使用率大于阈值,node_95
714,SYS_1,2019-06-21 12:46:35,0,CPU利用率过高,node_58
715,SYS_1,2019-06-21 12:46:35,0,I/O等待负载持续15分钟超过10%,node_50
716,SYS_1,2019-06-21 12:46:35,0,I/O等待负载持续15分钟超过10%,node_0
717,SYS_9,2019-06-21 12:46:38,0,FullGC次数异常,node_78
718,SYS_8,2019-06-21 12:46:38,0,端口80通信异常,node_71
719,SYS_7,2019-06-21 12:46:39,0,网卡发送流量过高,node_23
720,SYS_1,2019-06-21 12:46:40,0,CPUStealTime持续5分钟超过10%,node_33
721,SYS_1,2019-06-21 12:46:40,0,CPUStealTime持续5分钟超过10%,node_4
722,SYS_1,2019-06-21 12:46:40,0,CPUStealTime持续5分钟超过10%,node_83
723,SYS_1,2019-06-21 12:46:40,0,I/O等待负载持续15分钟超过10%,node_17
